"id","exam_id","user_id","user_name","user_department","exam_title","score","total_points_earned","total_max_points","passed","started_at","completed_at","duration_seconds_used","answers","created_at"
"attempt-1785920623599-ce6c15ae-e8ed-4773-ad7d-5e2bb8765802","exam-1785918378559-e328a125-e23a-4ff5-8a09-e3f3ecd37521","user-sop-4","Ahmad Wahyu Aji","CRM","Kuis Strategis BPR ARA Manifesto Bab I","100","100","100","true","2026-08-05T09:00:49.694Z","2026-08-05T09:03:43.599Z","172","{""question-1785918475884-c7cb6de7-bff5-4206-b5f7-8c0dd0eed0cd"":{""isCorrect"":true,""questionId"":""question-1785918475884-c7cb6de7-bff5-4206-b5f7-8c0dd0eed0cd"",""pointsEarned"":10,""isFlaggedDoubt"":false,""selectedAnswerId"":""opt-c""},""question-1785918530522-80e04e03-0678-436e-a3e9-5b9e7570c267"":{""isCorrect"":true,""questionId"":""question-1785918530522-80e04e03-0678-436e-a3e9-5b9e7570c267"",""pointsEarned"":10,""isFlaggedDoubt"":false,""selectedAnswerId"":""opt-b""},""question-1785918608886-8dde891b-5543-4be1-b1a9-1d34f521cd22"":{""isCorrect"":true,""questionId"":""question-1785918608886-8dde891b-5543-4be1-b1a9-1d34f521cd22"",""pointsEarned"":10,""isFlaggedDoubt"":false,""selectedAnswerId"":""opt-c""},""question-1785918682414-5eaa9171-e90f-4a1b-b3aa-3df5aaffc66a"":{""isCorrect"":true,""questionId"":""question-1785918682414-5eaa9171-e90f-4a1b-b3aa-3df5aaffc66a"",""pointsEarned"":10,""isFlaggedDoubt"":false,""selectedAnswerId"":""opt-c""},""question-1785918777827-05c6929b-478a-444d-a6be-30eaa8c75ff8"":{""isCorrect"":true,""questionId"":""question-1785918777827-05c6929b-478a-444d-a6be-30eaa8c75ff8"",""pointsEarned"":10,""isFlaggedDoubt"":false,""selectedAnswerId"":""opt-b""},""question-1785918854166-73561795-31e4-4ff9-81f6-b6dbb7f40eb8"":{""isCorrect"":true,""questionId"":""question-1785918854166-73561795-31e4-4ff9-81f6-b6dbb7f40eb8"",""pointsEarned"":10,""isFlaggedDoubt"":false,""selectedAnswerId"":""opt-c""},""question-1785918975626-a89c75e0-0167-45bb-ae98-7db14d5df218"":{""isCorrect"":true,""questionId"":""question-1785918975626-a89c75e0-0167-45bb-ae98-7db14d5df218"",""pointsEarned"":10,""isFlaggedDoubt"":false,""selectedAnswerId"":""opt-b""},""question-1785919040087-3e952c23-6117-459e-94e0-2acf882aa353"":{""isCorrect"":true,""questionId"":""question-1785919040087-3e952c23-6117-459e-94e0-2acf882aa353"",""pointsEarned"":10,""isFlaggedDoubt"":false,""selectedAnswerId"":""opt-c""},""question-1785919116430-7b9fe5cb-1511-42ca-8f3f-da8dae98bfd0"":{""isCorrect"":true,""questionId"":""question-1785919116430-7b9fe5cb-1511-42ca-8f3f-da8dae98bfd0"",""pointsEarned"":10,""isFlaggedDoubt"":false,""selectedAnswerId"":""opt-a""},""question-1785919170441-e1703b07-4eac-464a-97d6-16e3bd0df9f4"":{""isCorrect"":true,""questionId"":""question-1785919170441-e1703b07-4eac-464a-97d6-16e3bd0df9f4"",""pointsEarned"":10,""isFlaggedDoubt"":false,""selectedAnswerId"":""opt-d""}}","2026-08-05T09:03:44.990Z"
"attempt-1785920723894-c3296ebc-a340-408d-b1fc-15ce4adc5e06","exam-1785918378559-e328a125-e23a-4ff5-8a09-e3f3ecd37521","user-kkm-3","Widi Miswari","Kas Matesih","Kuis Strategis BPR ARA Manifesto Bab I","80","80","100","true","2026-08-05T09:02:09.801Z","2026-08-05T09:05:23.894Z","192","{""question-1785918475884-c7cb6de7-bff5-4206-b5f7-8c0dd0eed0cd"":{""isCorrect"":true,""questionId"":""question-1785918475884-c7cb6de7-bff5-4206-b5f7-8c0dd0eed0cd"",""pointsEarned"":10,""isFlaggedDoubt"":false,""selectedAnswerId"":""opt-c""},""question-1785918530522-80e04e03-0678-436e-a3e9-5b9e7570c267"":{""isCorrect"":true,""questionId"":""question-1785918530522-80e04e03-0678-436e-a3e9-5b9e7570c267"",""pointsEarned"":10,""isFlaggedDoubt"":false,""selectedAnswerId"":""opt-b""},""question-1785918608886-8dde891b-5543-4be1-b1a9-1d34f521cd22"":{""isCorrect"":true,""questionId"":""question-1785918608886-8dde891b-5543-4be1-b1a9-1d34f521cd22"",""pointsEarned"":10,""isFlaggedDoubt"":false,""selectedAnswerId"":""opt-c""},""question-1785918682414-5eaa9171-e90f-4a1b-b3aa-3df5aaffc66a"":{""isCorrect"":true,""questionId"":""question-1785918682414-5eaa9171-e90f-4a1b-b3aa-3df5aaffc66a"",""pointsEarned"":10,""isFlaggedDoubt"":false,""selectedAnswerId"":""opt-c""},""question-1785918777827-05c6929b-478a-444d-a6be-30eaa8c75ff8"":{""isCorrect"":true,""questionId"":""question-1785918777827-05c6929b-478a-444d-a6be-30eaa8c75ff8"",""pointsEarned"":10,""isFlaggedDoubt"":false,""selectedAnswerId"":""opt-b""},""question-1785918854166-73561795-31e4-4ff9-81f6-b6dbb7f40eb8"":{""isCorrect"":true,""questionId"":""question-1785918854166-73561795-31e4-4ff9-81f6-b6dbb7f40eb8"",""pointsEarned"":10,""isFlaggedDoubt"":false,""selectedAnswerId"":""opt-c""},""question-1785918975626-a89c75e0-0167-45bb-ae98-7db14d5df218"":{""isCorrect"":false,""questionId"":""question-1785918975626-a89c75e0-0167-45bb-ae98-7db14d5df218"",""pointsEarned"":0,""isFlaggedDoubt"":false,""selectedAnswerId"":""opt-c""},""question-1785919040087-3e952c23-6117-459e-94e0-2acf882aa353"":{""isCorrect"":true,""questionId"":""question-1785919040087-3e952c23-6117-459e-94e0-2acf882aa353"",""pointsEarned"":10,""isFlaggedDoubt"":false,""selectedAnswerId"":""opt-c""},""question-1785919116430-7b9fe5cb-1511-42ca-8f3f-da8dae98bfd0"":{""isCorrect"":false,""questionId"":""question-1785919116430-7b9fe5cb-1511-42ca-8f3f-da8dae98bfd0"",""pointsEarned"":0,""isFlaggedDoubt"":false,""selectedAnswerId"":""opt-c""},""question-1785919170441-e1703b07-4eac-464a-97d6-16e3bd0df9f4"":{""isCorrect"":true,""questionId"":""question-1785919170441-e1703b07-4eac-464a-97d6-16e3bd0df9f4"",""pointsEarned"":10,""isFlaggedDoubt"":false,""selectedAnswerId"":""opt-d""}}","2026-08-05T09:05:24.837Z"
"attempt-1785921076422-a9ded8d7-a15b-41d3-b9a8-745aa0b21411","exam-1785918378559-e328a125-e23a-4ff5-8a09-e3f3ecd37521","user-pe-3","Eny Setyoningsih","PE Literasi","Kuis Strategis BPR ARA Manifesto Bab I","80","80","100","true","2026-08-05T09:02:14.786Z","2026-08-05T09:11:16.422Z","539","{""question-1785918475884-c7cb6de7-bff5-4206-b5f7-8c0dd0eed0cd"":{""isCorrect"":true,""questionId"":""question-1785918475884-c7cb6de7-bff5-4206-b5f7-8c0dd0eed0cd"",""pointsEarned"":10,""isFlaggedDoubt"":false,""selectedAnswerId"":""opt-c""},""question-1785918530522-80e04e03-0678-436e-a3e9-5b9e7570c267"":{""isCorrect"":true,""questionId"":""question-1785918530522-80e04e03-0678-436e-a3e9-5b9e7570c267"",""pointsEarned"":10,""isFlaggedDoubt"":false,""selectedAnswerId"":""opt-b""},""question-1785918608886-8dde891b-5543-4be1-b1a9-1d34f521cd22"":{""isCorrect"":true,""questionId"":""question-1785918608886-8dde891b-5543-4be1-b1a9-1d34f521cd22"",""pointsEarned"":10,""isFlaggedDoubt"":false,""selectedAnswerId"":""opt-c""},""question-1785918682414-5eaa9171-e90f-4a1b-b3aa-3df5aaffc66a"":{""isCorrect"":true,""questionId"":""question-1785918682414-5eaa9171-e90f-4a1b-b3aa-3df5aaffc66a"",""pointsEarned"":10,""isFlaggedDoubt"":false,""selectedAnswerId"":""opt-c""},""question-1785918777827-05c6929b-478a-444d-a6be-30eaa8c75ff8"":{""isCorrect"":true,""questionId"":""question-1785918777827-05c6929b-478a-444d-a6be-30eaa8c75ff8"",""pointsEarned"":10,""isFlaggedDoubt"":false,""selectedAnswerId"":""opt-b""},""question-1785918854166-73561795-31e4-4ff9-81f6-b6dbb7f40eb8"":{""isCorrect"":true,""questionId"":""question-1785918854166-73561795-31e4-4ff9-81f6-b6dbb7f40eb8"",""pointsEarned"":10,""isFlaggedDoubt"":false,""selectedAnswerId"":""opt-c""},""question-1785918975626-a89c75e0-0167-45bb-ae98-7db14d5df218"":{""isCorrect"":true,""questionId"":""question-1785918975626-a89c75e0-0167-45bb-ae98-7db14d5df218"",""pointsEarned"":10,""isFlaggedDoubt"":false,""selectedAnswerId"":""opt-b""},""question-1785919040087-3e952c23-6117-459e-94e0-2acf882aa353"":{""isCorrect"":true,""questionId"":""question-1785919040087-3e952c23-6117-459e-94e0-2acf882aa353"",""pointsEarned"":10,""isFlaggedDoubt"":false,""selectedAnswerId"":""opt-c""},""question-1785919116430-7b9fe5cb-1511-42ca-8f3f-da8dae98bfd0"":{""isCorrect"":false,""questionId"":""question-1785919116430-7b9fe5cb-1511-42ca-8f3f-da8dae98bfd0"",""pointsEarned"":0,""isFlaggedDoubt"":false,""selectedAnswerId"":""opt-c""},""question-1785919170441-e1703b07-4eac-464a-97d6-16e3bd0df9f4"":{""isCorrect"":false,""questionId"":""question-1785919170441-e1703b07-4eac-464a-97d6-16e3bd0df9f4"",""pointsEarned"":0,""isFlaggedDoubt"":false,""selectedAnswerId"":""opt-c""}}","2026-08-05T09:11:16.940Z"
"attempt-1785921171115-ccaafc46-5e96-4ede-8152-b5046b869de3","exam-1785918378559-e328a125-e23a-4ff5-8a09-e3f3ecd37521","user-sop-1","Lilis Ariyani","Admin - SDM - Legal","Kuis Strategis BPR ARA Manifesto Bab I","100","100","100","true","2026-08-05T09:02:42.904Z","2026-08-05T09:12:51.115Z","604","{""question-1785918475884-c7cb6de7-bff5-4206-b5f7-8c0dd0eed0cd"":{""isCorrect"":true,""questionId"":""question-1785918475884-c7cb6de7-bff5-4206-b5f7-8c0dd0eed0cd"",""pointsEarned"":10,""isFlaggedDoubt"":false,""selectedAnswerId"":""opt-c""},""question-1785918530522-80e04e03-0678-436e-a3e9-5b9e7570c267"":{""isCorrect"":true,""questionId"":""question-1785918530522-80e04e03-0678-436e-a3e9-5b9e7570c267"",""pointsEarned"":10,""isFlaggedDoubt"":false,""selectedAnswerId"":""opt-b""},""question-1785918608886-8dde891b-5543-4be1-b1a9-1d34f521cd22"":{""isCorrect"":true,""questionId"":""question-1785918608886-8dde891b-5543-4be1-b1a9-1d34f521cd22"",""pointsEarned"":10,""isFlaggedDoubt"":false,""selectedAnswerId"":""opt-c""},""question-1785918682414-5eaa9171-e90f-4a1b-b3aa-3df5aaffc66a"":{""isCorrect"":true,""questionId"":""question-1785918682414-5eaa9171-e90f-4a1b-b3aa-3df5aaffc66a"",""pointsEarned"":10,""isFlaggedDoubt"":false,""selectedAnswerId"":""opt-c""},""question-1785918777827-05c6929b-478a-444d-a6be-30eaa8c75ff8"":{""isCorrect"":true,""questionId"":""question-1785918777827-05c6929b-478a-444d-a6be-30eaa8c75ff8"",""pointsEarned"":10,""isFlaggedDoubt"":false,""selectedAnswerId"":""opt-b""},""question-1785918854166-73561795-31e4-4ff9-81f6-b6dbb7f40eb8"":{""isCorrect"":true,""questionId"":""question-1785918854166-73561795-31e4-4ff9-81f6-b6dbb7f40eb8"",""pointsEarned"":10,""isFlaggedDoubt"":false,""selectedAnswerId"":""opt-c""},""question-1785918975626-a89c75e0-0167-45bb-ae98-7db14d5df218"":{""isCorrect"":true,""questionId"":""question-1785918975626-a89c75e0-0167-45bb-ae98-7db14d5df218"",""pointsEarned"":10,""isFlaggedDoubt"":false,""selectedAnswerId"":""opt-b""},""question-1785919040087-3e952c23-6117-459e-94e0-2acf882aa353"":{""isCorrect"":true,""questionId"":""question-1785919040087-3e952c23-6117-459e-94e0-2acf882aa353"",""pointsEarned"":10,""isFlaggedDoubt"":false,""selectedAnswerId"":""opt-c""},""question-1785919116430-7b9fe5cb-1511-42ca-8f3f-da8dae98bfd0"":{""isCorrect"":true,""questionId"":""question-1785919116430-7b9fe5cb-1511-42ca-8f3f-da8dae98bfd0"",""pointsEarned"":10,""isFlaggedDoubt"":false,""selectedAnswerId"":""opt-a""},""question-1785919170441-e1703b07-4eac-464a-97d6-16e3bd0df9f4"":{""isCorrect"":true,""questionId"":""question-1785919170441-e1703b07-4eac-464a-97d6-16e3bd0df9f4"",""pointsEarned"":10,""isFlaggedDoubt"":false,""selectedAnswerId"":""opt-d""}}","2026-08-05T09:12:51.765Z"
"attempt-1785921180080-75c9a52e-2a47-4a3c-a58b-9eaf5262433d","exam-1785918378559-e328a125-e23a-4ff5-8a09-e3f3ecd37521","user-kkj-1","Tri Surono","Kas Jumapolo","Kuis Strategis BPR ARA Manifesto Bab I","90","90","100","true","2026-08-05T09:04:06.335Z","2026-08-05T09:13:00.079Z","460","{""question-1785918475884-c7cb6de7-bff5-4206-b5f7-8c0dd0eed0cd"":{""isCorrect"":true,""questionId"":""question-1785918475884-c7cb6de7-bff5-4206-b5f7-8c0dd0eed0cd"",""pointsEarned"":10,""isFlaggedDoubt"":false,""selectedAnswerId"":""opt-c""},""question-1785918530522-80e04e03-0678-436e-a3e9-5b9e7570c267"":{""isCorrect"":true,""questionId"":""question-1785918530522-80e04e03-0678-436e-a3e9-5b9e7570c267"",""pointsEarned"":10,""isFlaggedDoubt"":false,""selectedAnswerId"":""opt-b""},""question-1785918608886-8dde891b-5543-4be1-b1a9-1d34f521cd22"":{""isCorrect"":false,""questionId"":""question-1785918608886-8dde891b-5543-4be1-b1a9-1d34f521cd22"",""pointsEarned"":0,""isFlaggedDoubt"":false,""selectedAnswerId"":""opt-b""},""question-1785918682414-5eaa9171-e90f-4a1b-b3aa-3df5aaffc66a"":{""isCorrect"":true,""questionId"":""question-1785918682414-5eaa9171-e90f-4a1b-b3aa-3df5aaffc66a"",""pointsEarned"":10,""isFlaggedDoubt"":false,""selectedAnswerId"":""opt-c""},""question-1785918777827-05c6929b-478a-444d-a6be-30eaa8c75ff8"":{""isCorrect"":true,""questionId"":""question-1785918777827-05c6929b-478a-444d-a6be-30eaa8c75ff8"",""pointsEarned"":10,""isFlaggedDoubt"":false,""selectedAnswerId"":""opt-b""},""question-1785918854166-73561795-31e4-4ff9-81f6-b6dbb7f40eb8"":{""isCorrect"":true,""questionId"":""question-1785918854166-73561795-31e4-4ff9-81f6-b6dbb7f40eb8"",""pointsEarned"":10,""isFlaggedDoubt"":false,""selectedAnswerId"":""opt-c""},""question-1785918975626-a89c75e0-0167-45bb-ae98-7db14d5df218"":{""isCorrect"":true,""questionId"":""question-1785918975626-a89c75e0-0167-45bb-ae98-7db14d5df218"",""pointsEarned"":10,""isFlaggedDoubt"":false,""selectedAnswerId"":""opt-b""},""question-1785919040087-3e952c23-6117-459e-94e0-2acf882aa353"":{""isCorrect"":true,""questionId"":""question-1785919040087-3e952c23-6117-459e-94e0-2acf882aa353"",""pointsEarned"":10,""isFlaggedDoubt"":false,""selectedAnswerId"":""opt-c""},""question-1785919116430-7b9fe5cb-1511-42ca-8f3f-da8dae98bfd0"":{""isCorrect"":true,""questionId"":""question-1785919116430-7b9fe5cb-1511-42ca-8f3f-da8dae98bfd0"",""pointsEarned"":10,""isFlaggedDoubt"":false,""selectedAnswerId"":""opt-a""},""question-1785919170441-e1703b07-4eac-464a-97d6-16e3bd0df9f4"":{""isCorrect"":true,""questionId"":""question-1785919170441-e1703b07-4eac-464a-97d6-16e3bd0df9f4"",""pointsEarned"":10,""isFlaggedDoubt"":false,""selectedAnswerId"":""opt-d""}}","2026-08-05T09:13:00.708Z"
"attempt-1785921332784-6d582ba8-032e-4a04-b56b-18099230523c","exam-1785918378559-e328a125-e23a-4ff5-8a09-e3f3ecd37521","user-kp-2b","Nada Rizky Eka M","Kantor Pusat","Kuis Strategis BPR ARA Manifesto Bab I","80","80","100","true","2026-08-05T09:12:31.795Z","2026-08-05T09:15:32.784Z","163","{""question-1785918475884-c7cb6de7-bff5-4206-b5f7-8c0dd0eed0cd"":{""isCorrect"":true,""questionId"":""question-1785918475884-c7cb6de7-bff5-4206-b5f7-8c0dd0eed0cd"",""pointsEarned"":10,""isFlaggedDoubt"":false,""selectedAnswerId"":""opt-c""},""question-1785918530522-80e04e03-0678-436e-a3e9-5b9e7570c267"":{""isCorrect"":true,""questionId"":""question-1785918530522-80e04e03-0678-436e-a3e9-5b9e7570c267"",""pointsEarned"":10,""isFlaggedDoubt"":false,""selectedAnswerId"":""opt-b""},""question-1785918608886-8dde891b-5543-4be1-b1a9-1d34f521cd22"":{""isCorrect"":true,""questionId"":""question-1785918608886-8dde891b-5543-4be1-b1a9-1d34f521cd22"",""pointsEarned"":10,""isFlaggedDoubt"":false,""selectedAnswerId"":""opt-c""},""question-1785918682414-5eaa9171-e90f-4a1b-b3aa-3df5aaffc66a"":{""isCorrect"":true,""questionId"":""question-1785918682414-5eaa9171-e90f-4a1b-b3aa-3df5aaffc66a"",""pointsEarned"":10,""isFlaggedDoubt"":false,""selectedAnswerId"":""opt-c""},""question-1785918777827-05c6929b-478a-444d-a6be-30eaa8c75ff8"":{""isCorrect"":true,""questionId"":""question-1785918777827-05c6929b-478a-444d-a6be-30eaa8c75ff8"",""pointsEarned"":10,""isFlaggedDoubt"":false,""selectedAnswerId"":""opt-b""},""question-1785918854166-73561795-31e4-4ff9-81f6-b6dbb7f40eb8"":{""isCorrect"":true,""questionId"":""question-1785918854166-73561795-31e4-4ff9-81f6-b6dbb7f40eb8"",""pointsEarned"":10,""isFlaggedDoubt"":false,""selectedAnswerId"":""opt-c""},""question-1785918975626-a89c75e0-0167-45bb-ae98-7db14d5df218"":{""isCorrect"":false,""questionId"":""question-1785918975626-a89c75e0-0167-45bb-ae98-7db14d5df218"",""pointsEarned"":0,""isFlaggedDoubt"":false,""selectedAnswerId"":""opt-d""},""question-1785919040087-3e952c23-6117-459e-94e0-2acf882aa353"":{""isCorrect"":true,""questionId"":""question-1785919040087-3e952c23-6117-459e-94e0-2acf882aa353"",""pointsEarned"":10,""isFlaggedDoubt"":false,""selectedAnswerId"":""opt-c""},""question-1785919116430-7b9fe5cb-1511-42ca-8f3f-da8dae98bfd0"":{""isCorrect"":false,""questionId"":""question-1785919116430-7b9fe5cb-1511-42ca-8f3f-da8dae98bfd0"",""pointsEarned"":0,""isFlaggedDoubt"":false,""selectedAnswerId"":""opt-d""},""question-1785919170441-e1703b07-4eac-464a-97d6-16e3bd0df9f4"":{""isCorrect"":true,""questionId"":""question-1785919170441-e1703b07-4eac-464a-97d6-16e3bd0df9f4"",""pointsEarned"":10,""isFlaggedDoubt"":false,""selectedAnswerId"":""opt-d""}}","2026-08-05T09:16:27.991Z"
"attempt-1785921334936-cdde8fc2-69f1-467d-ae99-d9ca2f219baf","exam-1785918378559-e328a125-e23a-4ff5-8a09-e3f3ecd37521","user-kp-1","Tiara Suci P","Kantor Pusat","Kuis Strategis BPR ARA Manifesto Bab I","80","80","100","true","2026-08-05T09:11:37.725Z","2026-08-05T09:15:34.936Z","236","{""question-1785918475884-c7cb6de7-bff5-4206-b5f7-8c0dd0eed0cd"":{""isCorrect"":true,""questionId"":""question-1785918475884-c7cb6de7-bff5-4206-b5f7-8c0dd0eed0cd"",""pointsEarned"":10,""isFlaggedDoubt"":false,""selectedAnswerId"":""opt-c""},""question-1785918530522-80e04e03-0678-436e-a3e9-5b9e7570c267"":{""isCorrect"":true,""questionId"":""question-1785918530522-80e04e03-0678-436e-a3e9-5b9e7570c267"",""pointsEarned"":10,""isFlaggedDoubt"":false,""selectedAnswerId"":""opt-b""},""question-1785918608886-8dde891b-5543-4be1-b1a9-1d34f521cd22"":{""isCorrect"":true,""questionId"":""question-1785918608886-8dde891b-5543-4be1-b1a9-1d34f521cd22"",""pointsEarned"":10,""isFlaggedDoubt"":false,""selectedAnswerId"":""opt-c""},""question-1785918682414-5eaa9171-e90f-4a1b-b3aa-3df5aaffc66a"":{""isCorrect"":true,""questionId"":""question-1785918682414-5eaa9171-e90f-4a1b-b3aa-3df5aaffc66a"",""pointsEarned"":10,""isFlaggedDoubt"":false,""selectedAnswerId"":""opt-c""},""question-1785918777827-05c6929b-478a-444d-a6be-30eaa8c75ff8"":{""isCorrect"":true,""questionId"":""question-1785918777827-05c6929b-478a-444d-a6be-30eaa8c75ff8"",""pointsEarned"":10,""isFlaggedDoubt"":false,""selectedAnswerId"":""opt-b""},""question-1785918854166-73561795-31e4-4ff9-81f6-b6dbb7f40eb8"":{""isCorrect"":false,""questionId"":""question-1785918854166-73561795-31e4-4ff9-81f6-b6dbb7f40eb8"",""pointsEarned"":0,""isFlaggedDoubt"":false,""selectedAnswerId"":""opt-b""},""question-1785918975626-a89c75e0-0167-45bb-ae98-7db14d5df218"":{""isCorrect"":true,""questionId"":""question-1785918975626-a89c75e0-0167-45bb-ae98-7db14d5df218"",""pointsEarned"":10,""isFlaggedDoubt"":false,""selectedAnswerId"":""opt-b""},""question-1785919040087-3e952c23-6117-459e-94e0-2acf882aa353"":{""isCorrect"":true,""questionId"":""question-1785919040087-3e952c23-6117-459e-94e0-2acf882aa353"",""pointsEarned"":10,""isFlaggedDoubt"":false,""selectedAnswerId"":""opt-c""},""question-1785919116430-7b9fe5cb-1511-42ca-8f3f-da8dae98bfd0"":{""isCorrect"":false,""questionId"":""question-1785919116430-7b9fe5cb-1511-42ca-8f3f-da8dae98bfd0"",""pointsEarned"":0,""isFlaggedDoubt"":false,""selectedAnswerId"":""opt-c""},""question-1785919170441-e1703b07-4eac-464a-97d6-16e3bd0df9f4"":{""isCorrect"":true,""questionId"":""question-1785919170441-e1703b07-4eac-464a-97d6-16e3bd0df9f4"",""pointsEarned"":10,""isFlaggedDoubt"":false,""selectedAnswerId"":""opt-d""}}","2026-08-05T09:15:35.867Z"
"attempt-1785921413234-066471a8-d485-4b5c-8934-d96b21ee3c11","exam-1785918378559-e328a125-e23a-4ff5-8a09-e3f3ecd37521","user-col-1","B. Windra D.H","Collection","Kuis Strategis BPR ARA Manifesto Bab I","90","90","100","true","2026-08-05T09:14:53.819Z","2026-08-05T09:16:53.234Z","119","{""question-1785918475884-c7cb6de7-bff5-4206-b5f7-8c0dd0eed0cd"":{""isCorrect"":true,""questionId"":""question-1785918475884-c7cb6de7-bff5-4206-b5f7-8c0dd0eed0cd"",""pointsEarned"":10,""isFlaggedDoubt"":false,""selectedAnswerId"":""opt-c""},""question-1785918530522-80e04e03-0678-436e-a3e9-5b9e7570c267"":{""isCorrect"":true,""questionId"":""question-1785918530522-80e04e03-0678-436e-a3e9-5b9e7570c267"",""pointsEarned"":10,""isFlaggedDoubt"":false,""selectedAnswerId"":""opt-b""},""question-1785918608886-8dde891b-5543-4be1-b1a9-1d34f521cd22"":{""isCorrect"":true,""questionId"":""question-1785918608886-8dde891b-5543-4be1-b1a9-1d34f521cd22"",""pointsEarned"":10,""isFlaggedDoubt"":false,""selectedAnswerId"":""opt-c""},""question-1785918682414-5eaa9171-e90f-4a1b-b3aa-3df5aaffc66a"":{""isCorrect"":true,""questionId"":""question-1785918682414-5eaa9171-e90f-4a1b-b3aa-3df5aaffc66a"",""pointsEarned"":10,""isFlaggedDoubt"":false,""selectedAnswerId"":""opt-c""},""question-1785918777827-05c6929b-478a-444d-a6be-30eaa8c75ff8"":{""isCorrect"":true,""questionId"":""question-1785918777827-05c6929b-478a-444d-a6be-30eaa8c75ff8"",""pointsEarned"":10,""isFlaggedDoubt"":false,""selectedAnswerId"":""opt-b""},""question-1785918854166-73561795-31e4-4ff9-81f6-b6dbb7f40eb8"":{""isCorrect"":true,""questionId"":""question-1785918854166-73561795-31e4-4ff9-81f6-b6dbb7f40eb8"",""pointsEarned"":10,""isFlaggedDoubt"":false,""selectedAnswerId"":""opt-c""},""question-1785918975626-a89c75e0-0167-45bb-ae98-7db14d5df218"":{""isCorrect"":true,""questionId"":""question-1785918975626-a89c75e0-0167-45bb-ae98-7db14d5df218"",""pointsEarned"":10,""isFlaggedDoubt"":false,""selectedAnswerId"":""opt-b""},""question-1785919040087-3e952c23-6117-459e-94e0-2acf882aa353"":{""isCorrect"":true,""questionId"":""question-1785919040087-3e952c23-6117-459e-94e0-2acf882aa353"",""pointsEarned"":10,""isFlaggedDoubt"":false,""selectedAnswerId"":""opt-c""},""question-1785919116430-7b9fe5cb-1511-42ca-8f3f-da8dae98bfd0"":{""isCorrect"":false,""questionId"":""question-1785919116430-7b9fe5cb-1511-42ca-8f3f-da8dae98bfd0"",""pointsEarned"":0,""isFlaggedDoubt"":false,""selectedAnswerId"":""opt-d""},""question-1785919170441-e1703b07-4eac-464a-97d6-16e3bd0df9f4"":{""isCorrect"":true,""questionId"":""question-1785919170441-e1703b07-4eac-464a-97d6-16e3bd0df9f4"",""pointsEarned"":10,""isFlaggedDoubt"":false,""selectedAnswerId"":""opt-d""}}","2026-08-05T09:16:55.282Z"
"attempt-1785921496321-8dede427-3021-434e-8c59-9c7328295121","exam-1785918378559-e328a125-e23a-4ff5-8a09-e3f3ecd37521","user-sop-5","Yuni Susilowati","Accounting","Kuis Strategis BPR ARA Manifesto Bab I","100","100","100","true","2026-08-05T09:14:16.202Z","2026-08-05T09:18:16.320Z","238","{""question-1785918475884-c7cb6de7-bff5-4206-b5f7-8c0dd0eed0cd"":{""isCorrect"":true,""questionId"":""question-1785918475884-c7cb6de7-bff5-4206-b5f7-8c0dd0eed0cd"",""pointsEarned"":10,""isFlaggedDoubt"":false,""selectedAnswerId"":""opt-c""},""question-1785918530522-80e04e03-0678-436e-a3e9-5b9e7570c267"":{""isCorrect"":true,""questionId"":""question-1785918530522-80e04e03-0678-436e-a3e9-5b9e7570c267"",""pointsEarned"":10,""isFlaggedDoubt"":false,""selectedAnswerId"":""opt-b""},""question-1785918608886-8dde891b-5543-4be1-b1a9-1d34f521cd22"":{""isCorrect"":true,""questionId"":""question-1785918608886-8dde891b-5543-4be1-b1a9-1d34f521cd22"",""pointsEarned"":10,""isFlaggedDoubt"":false,""selectedAnswerId"":""opt-c""},""question-1785918682414-5eaa9171-e90f-4a1b-b3aa-3df5aaffc66a"":{""isCorrect"":true,""questionId"":""question-1785918682414-5eaa9171-e90f-4a1b-b3aa-3df5aaffc66a"",""pointsEarned"":10,""isFlaggedDoubt"":false,""selectedAnswerId"":""opt-c""},""question-1785918777827-05c6929b-478a-444d-a6be-30eaa8c75ff8"":{""isCorrect"":true,""questionId"":""question-1785918777827-05c6929b-478a-444d-a6be-30eaa8c75ff8"",""pointsEarned"":10,""isFlaggedDoubt"":false,""selectedAnswerId"":""opt-b""},""question-1785918854166-73561795-31e4-4ff9-81f6-b6dbb7f40eb8"":{""isCorrect"":true,""questionId"":""question-1785918854166-73561795-31e4-4ff9-81f6-b6dbb7f40eb8"",""pointsEarned"":10,""isFlaggedDoubt"":false,""selectedAnswerId"":""opt-c""},""question-1785918975626-a89c75e0-0167-45bb-ae98-7db14d5df218"":{""isCorrect"":true,""questionId"":""question-1785918975626-a89c75e0-0167-45bb-ae98-7db14d5df218"",""pointsEarned"":10,""isFlaggedDoubt"":false,""selectedAnswerId"":""opt-b""},""question-1785919040087-3e952c23-6117-459e-94e0-2acf882aa353"":{""isCorrect"":true,""questionId"":""question-1785919040087-3e952c23-6117-459e-94e0-2acf882aa353"",""pointsEarned"":10,""isFlaggedDoubt"":false,""selectedAnswerId"":""opt-c""},""question-1785919116430-7b9fe5cb-1511-42ca-8f3f-da8dae98bfd0"":{""isCorrect"":true,""questionId"":""question-1785919116430-7b9fe5cb-1511-42ca-8f3f-da8dae98bfd0"",""pointsEarned"":10,""isFlaggedDoubt"":false,""selectedAnswerId"":""opt-a""},""question-1785919170441-e1703b07-4eac-464a-97d6-16e3bd0df9f4"":{""isCorrect"":true,""questionId"":""question-1785919170441-e1703b07-4eac-464a-97d6-16e3bd0df9f4"",""pointsEarned"":10,""isFlaggedDoubt"":false,""selectedAnswerId"":""opt-d""}}","2026-08-05T09:18:19.157Z"
"attempt-1785921587953-0306bef1-f2dc-4aee-ac6d-646ae0e74292","exam-1785918378559-e328a125-e23a-4ff5-8a09-e3f3ecd37521","user-pm-1","Della Ananto","Project Manager (PM)","Kuis Strategis BPR ARA Manifesto Bab I","80","80","100","true","2026-08-05T09:05:56.348Z","2026-08-05T09:19:47.952Z","573","{""question-1785918475884-c7cb6de7-bff5-4206-b5f7-8c0dd0eed0cd"":{""isCorrect"":true,""questionId"":""question-1785918475884-c7cb6de7-bff5-4206-b5f7-8c0dd0eed0cd"",""pointsEarned"":10,""isFlaggedDoubt"":false,""selectedAnswerId"":""opt-c""},""question-1785918530522-80e04e03-0678-436e-a3e9-5b9e7570c267"":{""isCorrect"":false,""questionId"":""question-1785918530522-80e04e03-0678-436e-a3e9-5b9e7570c267"",""pointsEarned"":0,""isFlaggedDoubt"":false,""selectedAnswerId"":""opt-d""},""question-1785918608886-8dde891b-5543-4be1-b1a9-1d34f521cd22"":{""isCorrect"":true,""questionId"":""question-1785918608886-8dde891b-5543-4be1-b1a9-1d34f521cd22"",""pointsEarned"":10,""isFlaggedDoubt"":false,""selectedAnswerId"":""opt-c""},""question-1785918682414-5eaa9171-e90f-4a1b-b3aa-3df5aaffc66a"":{""isCorrect"":true,""questionId"":""question-1785918682414-5eaa9171-e90f-4a1b-b3aa-3df5aaffc66a"",""pointsEarned"":10,""isFlaggedDoubt"":false,""selectedAnswerId"":""opt-c""},""question-1785918777827-05c6929b-478a-444d-a6be-30eaa8c75ff8"":{""isCorrect"":true,""questionId"":""question-1785918777827-05c6929b-478a-444d-a6be-30eaa8c75ff8"",""pointsEarned"":10,""isFlaggedDoubt"":false,""selectedAnswerId"":""opt-b""},""question-1785918854166-73561795-31e4-4ff9-81f6-b6dbb7f40eb8"":{""isCorrect"":true,""questionId"":""question-1785918854166-73561795-31e4-4ff9-81f6-b6dbb7f40eb8"",""pointsEarned"":10,""isFlaggedDoubt"":false,""selectedAnswerId"":""opt-c""},""question-1785918975626-a89c75e0-0167-45bb-ae98-7db14d5df218"":{""isCorrect"":true,""questionId"":""question-1785918975626-a89c75e0-0167-45bb-ae98-7db14d5df218"",""pointsEarned"":10,""isFlaggedDoubt"":false,""selectedAnswerId"":""opt-b""},""question-1785919040087-3e952c23-6117-459e-94e0-2acf882aa353"":{""isCorrect"":true,""questionId"":""question-1785919040087-3e952c23-6117-459e-94e0-2acf882aa353"",""pointsEarned"":10,""isFlaggedDoubt"":false,""selectedAnswerId"":""opt-c""},""question-1785919116430-7b9fe5cb-1511-42ca-8f3f-da8dae98bfd0"":{""isCorrect"":false,""questionId"":""question-1785919116430-7b9fe5cb-1511-42ca-8f3f-da8dae98bfd0"",""pointsEarned"":0,""isFlaggedDoubt"":false,""selectedAnswerId"":""opt-c""},""question-1785919170441-e1703b07-4eac-464a-97d6-16e3bd0df9f4"":{""isCorrect"":true,""questionId"":""question-1785919170441-e1703b07-4eac-464a-97d6-16e3bd0df9f4"",""pointsEarned"":10,""isFlaggedDoubt"":false,""selectedAnswerId"":""opt-d""}}","2026-08-05T09:19:48.979Z"
"attempt-1785921743049-59187d8c-2f4f-43d4-ad12-798b8039d012","exam-1785918378559-e328a125-e23a-4ff5-8a09-e3f3ecd37521","user-kkm-1","Memet Fianka","Kas Matesih","Kuis Strategis BPR ARA Manifesto Bab I","90","90","100","true","2026-08-05T09:21:41.548Z","2026-08-05T09:22:23.048Z","41","{""question-1785918475884-c7cb6de7-bff5-4206-b5f7-8c0dd0eed0cd"":{""isCorrect"":true,""questionId"":""question-1785918475884-c7cb6de7-bff5-4206-b5f7-8c0dd0eed0cd"",""pointsEarned"":10,""isFlaggedDoubt"":false,""selectedAnswerId"":""opt-c""},""question-1785918530522-80e04e03-0678-436e-a3e9-5b9e7570c267"":{""isCorrect"":true,""questionId"":""question-1785918530522-80e04e03-0678-436e-a3e9-5b9e7570c267"",""pointsEarned"":10,""isFlaggedDoubt"":false,""selectedAnswerId"":""opt-b""},""question-1785918608886-8dde891b-5543-4be1-b1a9-1d34f521cd22"":{""isCorrect"":true,""questionId"":""question-1785918608886-8dde891b-5543-4be1-b1a9-1d34f521cd22"",""pointsEarned"":10,""isFlaggedDoubt"":false,""selectedAnswerId"":""opt-c""},""question-1785918682414-5eaa9171-e90f-4a1b-b3aa-3df5aaffc66a"":{""isCorrect"":true,""questionId"":""question-1785918682414-5eaa9171-e90f-4a1b-b3aa-3df5aaffc66a"",""pointsEarned"":10,""isFlaggedDoubt"":false,""selectedAnswerId"":""opt-c""},""question-1785918777827-05c6929b-478a-444d-a6be-30eaa8c75ff8"":{""isCorrect"":true,""questionId"":""question-1785918777827-05c6929b-478a-444d-a6be-30eaa8c75ff8"",""pointsEarned"":10,""isFlaggedDoubt"":false,""selectedAnswerId"":""opt-b""},""question-1785918854166-73561795-31e4-4ff9-81f6-b6dbb7f40eb8"":{""isCorrect"":true,""questionId"":""question-1785918854166-73561795-31e4-4ff9-81f6-b6dbb7f40eb8"",""pointsEarned"":10,""isFlaggedDoubt"":false,""selectedAnswerId"":""opt-c""},""question-1785918975626-a89c75e0-0167-45bb-ae98-7db14d5df218"":{""isCorrect"":true,""questionId"":""question-1785918975626-a89c75e0-0167-45bb-ae98-7db14d5df218"",""pointsEarned"":10,""isFlaggedDoubt"":false,""selectedAnswerId"":""opt-b""},""question-1785919040087-3e952c23-6117-459e-94e0-2acf882aa353"":{""isCorrect"":true,""questionId"":""question-1785919040087-3e952c23-6117-459e-94e0-2acf882aa353"",""pointsEarned"":10,""isFlaggedDoubt"":false,""selectedAnswerId"":""opt-c""},""question-1785919116430-7b9fe5cb-1511-42ca-8f3f-da8dae98bfd0"":{""isCorrect"":false,""questionId"":""question-1785919116430-7b9fe5cb-1511-42ca-8f3f-da8dae98bfd0"",""pointsEarned"":0,""isFlaggedDoubt"":false,""selectedAnswerId"":""opt-d""},""question-1785919170441-e1703b07-4eac-464a-97d6-16e3bd0df9f4"":{""isCorrect"":true,""questionId"":""question-1785919170441-e1703b07-4eac-464a-97d6-16e3bd0df9f4"",""pointsEarned"":10,""isFlaggedDoubt"":false,""selectedAnswerId"":""opt-d""}}","2026-08-05T09:22:25.149Z"
"attempt-1785921746053-f7f9026d-1371-4a19-96bf-a18fa0bb95d1","exam-1785918378559-e328a125-e23a-4ff5-8a09-e3f3ecd37521","user-kkk-2","Purnaning H T","Kas Klodran","Kuis Strategis BPR ARA Manifesto Bab I","90","90","100","true","2026-08-05T09:14:10.335Z","2026-08-05T09:22:26.052Z","492","{""question-1785918475884-c7cb6de7-bff5-4206-b5f7-8c0dd0eed0cd"":{""isCorrect"":true,""questionId"":""question-1785918475884-c7cb6de7-bff5-4206-b5f7-8c0dd0eed0cd"",""pointsEarned"":10,""isFlaggedDoubt"":false,""selectedAnswerId"":""opt-c""},""question-1785918530522-80e04e03-0678-436e-a3e9-5b9e7570c267"":{""isCorrect"":true,""questionId"":""question-1785918530522-80e04e03-0678-436e-a3e9-5b9e7570c267"",""pointsEarned"":10,""isFlaggedDoubt"":false,""selectedAnswerId"":""opt-b""},""question-1785918608886-8dde891b-5543-4be1-b1a9-1d34f521cd22"":{""isCorrect"":false,""questionId"":""question-1785918608886-8dde891b-5543-4be1-b1a9-1d34f521cd22"",""pointsEarned"":0,""isFlaggedDoubt"":false,""selectedAnswerId"":""opt-a""},""question-1785918682414-5eaa9171-e90f-4a1b-b3aa-3df5aaffc66a"":{""isCorrect"":true,""questionId"":""question-1785918682414-5eaa9171-e90f-4a1b-b3aa-3df5aaffc66a"",""pointsEarned"":10,""isFlaggedDoubt"":false,""selectedAnswerId"":""opt-c""},""question-1785918777827-05c6929b-478a-444d-a6be-30eaa8c75ff8"":{""isCorrect"":true,""questionId"":""question-1785918777827-05c6929b-478a-444d-a6be-30eaa8c75ff8"",""pointsEarned"":10,""isFlaggedDoubt"":false,""selectedAnswerId"":""opt-b""},""question-1785918854166-73561795-31e4-4ff9-81f6-b6dbb7f40eb8"":{""isCorrect"":true,""questionId"":""question-1785918854166-73561795-31e4-4ff9-81f6-b6dbb7f40eb8"",""pointsEarned"":10,""isFlaggedDoubt"":false,""selectedAnswerId"":""opt-c""},""question-1785918975626-a89c75e0-0167-45bb-ae98-7db14d5df218"":{""isCorrect"":true,""questionId"":""question-1785918975626-a89c75e0-0167-45bb-ae98-7db14d5df218"",""pointsEarned"":10,""isFlaggedDoubt"":false,""selectedAnswerId"":""opt-b""},""question-1785919040087-3e952c23-6117-459e-94e0-2acf882aa353"":{""isCorrect"":true,""questionId"":""question-1785919040087-3e952c23-6117-459e-94e0-2acf882aa353"",""pointsEarned"":10,""isFlaggedDoubt"":false,""selectedAnswerId"":""opt-c""},""question-1785919116430-7b9fe5cb-1511-42ca-8f3f-da8dae98bfd0"":{""isCorrect"":true,""questionId"":""question-1785919116430-7b9fe5cb-1511-42ca-8f3f-da8dae98bfd0"",""pointsEarned"":10,""isFlaggedDoubt"":false,""selectedAnswerId"":""opt-a""},""question-1785919170441-e1703b07-4eac-464a-97d6-16e3bd0df9f4"":{""isCorrect"":true,""questionId"":""question-1785919170441-e1703b07-4eac-464a-97d6-16e3bd0df9f4"",""pointsEarned"":10,""isFlaggedDoubt"":false,""selectedAnswerId"":""opt-d""}}","2026-08-05T09:22:26.649Z"
"attempt-1785921814411-a49d3726-793d-4226-a816-8ff39a03cd86","exam-1785918378559-e328a125-e23a-4ff5-8a09-e3f3ecd37521","user-kkj-2","Nina Suryaningsih","Kas Jumapolo","Kuis Strategis BPR ARA Manifesto Bab I","70","70","100","false","2026-08-05T09:16:35.294Z","2026-08-05T09:23:34.411Z","399","{""question-1785918475884-c7cb6de7-bff5-4206-b5f7-8c0dd0eed0cd"":{""isCorrect"":true,""questionId"":""question-1785918475884-c7cb6de7-bff5-4206-b5f7-8c0dd0eed0cd"",""pointsEarned"":10,""isFlaggedDoubt"":false,""selectedAnswerId"":""opt-c""},""question-1785918530522-80e04e03-0678-436e-a3e9-5b9e7570c267"":{""isCorrect"":true,""questionId"":""question-1785918530522-80e04e03-0678-436e-a3e9-5b9e7570c267"",""pointsEarned"":10,""isFlaggedDoubt"":false,""selectedAnswerId"":""opt-b""},""question-1785918608886-8dde891b-5543-4be1-b1a9-1d34f521cd22"":{""isCorrect"":true,""questionId"":""question-1785918608886-8dde891b-5543-4be1-b1a9-1d34f521cd22"",""pointsEarned"":10,""isFlaggedDoubt"":false,""selectedAnswerId"":""opt-c""},""question-1785918682414-5eaa9171-e90f-4a1b-b3aa-3df5aaffc66a"":{""isCorrect"":true,""questionId"":""question-1785918682414-5eaa9171-e90f-4a1b-b3aa-3df5aaffc66a"",""pointsEarned"":10,""isFlaggedDoubt"":false,""selectedAnswerId"":""opt-c""},""question-1785918777827-05c6929b-478a-444d-a6be-30eaa8c75ff8"":{""isCorrect"":true,""questionId"":""question-1785918777827-05c6929b-478a-444d-a6be-30eaa8c75ff8"",""pointsEarned"":10,""isFlaggedDoubt"":false,""selectedAnswerId"":""opt-b""},""question-1785918854166-73561795-31e4-4ff9-81f6-b6dbb7f40eb8"":{""isCorrect"":false,""questionId"":""question-1785918854166-73561795-31e4-4ff9-81f6-b6dbb7f40eb8"",""pointsEarned"":0,""isFlaggedDoubt"":false,""selectedAnswerId"":""opt-b""},""question-1785918975626-a89c75e0-0167-45bb-ae98-7db14d5df218"":{""isCorrect"":false,""questionId"":""question-1785918975626-a89c75e0-0167-45bb-ae98-7db14d5df218"",""pointsEarned"":0,""isFlaggedDoubt"":false,""selectedAnswerId"":""opt-c""},""question-1785919040087-3e952c23-6117-459e-94e0-2acf882aa353"":{""isCorrect"":true,""questionId"":""question-1785919040087-3e952c23-6117-459e-94e0-2acf882aa353"",""pointsEarned"":10,""isFlaggedDoubt"":false,""selectedAnswerId"":""opt-c""},""question-1785919116430-7b9fe5cb-1511-42ca-8f3f-da8dae98bfd0"":{""isCorrect"":false,""questionId"":""question-1785919116430-7b9fe5cb-1511-42ca-8f3f-da8dae98bfd0"",""pointsEarned"":0,""isFlaggedDoubt"":false,""selectedAnswerId"":""opt-c""},""question-1785919170441-e1703b07-4eac-464a-97d6-16e3bd0df9f4"":{""isCorrect"":true,""questionId"":""question-1785919170441-e1703b07-4eac-464a-97d6-16e3bd0df9f4"",""pointsEarned"":10,""isFlaggedDoubt"":false,""selectedAnswerId"":""opt-d""}}","2026-08-05T09:23:34.953Z"
"attempt-1785921824930-ffb041b3-2c96-4681-ab2a-8a8355481782","exam-1785918378559-e328a125-e23a-4ff5-8a09-e3f3ecd37521","user-kkm-2","Karolina Rosita","Kas Matesih","Kuis Strategis BPR ARA Manifesto Bab I","80","80","100","true","2026-08-05T09:21:29.114Z","2026-08-05T09:23:44.930Z","127","{""question-1785918475884-c7cb6de7-bff5-4206-b5f7-8c0dd0eed0cd"":{""isCorrect"":true,""questionId"":""question-1785918475884-c7cb6de7-bff5-4206-b5f7-8c0dd0eed0cd"",""pointsEarned"":10,""isFlaggedDoubt"":false,""selectedAnswerId"":""opt-c""},""question-1785918530522-80e04e03-0678-436e-a3e9-5b9e7570c267"":{""isCorrect"":true,""questionId"":""question-1785918530522-80e04e03-0678-436e-a3e9-5b9e7570c267"",""pointsEarned"":10,""isFlaggedDoubt"":false,""selectedAnswerId"":""opt-b""},""question-1785918608886-8dde891b-5543-4be1-b1a9-1d34f521cd22"":{""isCorrect"":true,""questionId"":""question-1785918608886-8dde891b-5543-4be1-b1a9-1d34f521cd22"",""pointsEarned"":10,""isFlaggedDoubt"":false,""selectedAnswerId"":""opt-c""},""question-1785918682414-5eaa9171-e90f-4a1b-b3aa-3df5aaffc66a"":{""isCorrect"":true,""questionId"":""question-1785918682414-5eaa9171-e90f-4a1b-b3aa-3df5aaffc66a"",""pointsEarned"":10,""isFlaggedDoubt"":false,""selectedAnswerId"":""opt-c""},""question-1785918777827-05c6929b-478a-444d-a6be-30eaa8c75ff8"":{""isCorrect"":true,""questionId"":""question-1785918777827-05c6929b-478a-444d-a6be-30eaa8c75ff8"",""pointsEarned"":10,""isFlaggedDoubt"":false,""selectedAnswerId"":""opt-b""},""question-1785918854166-73561795-31e4-4ff9-81f6-b6dbb7f40eb8"":{""isCorrect"":false,""questionId"":""question-1785918854166-73561795-31e4-4ff9-81f6-b6dbb7f40eb8"",""pointsEarned"":0,""isFlaggedDoubt"":false,""selectedAnswerId"":""opt-a""},""question-1785918975626-a89c75e0-0167-45bb-ae98-7db14d5df218"":{""isCorrect"":true,""questionId"":""question-1785918975626-a89c75e0-0167-45bb-ae98-7db14d5df218"",""pointsEarned"":10,""isFlaggedDoubt"":false,""selectedAnswerId"":""opt-b""},""question-1785919040087-3e952c23-6117-459e-94e0-2acf882aa353"":{""isCorrect"":true,""questionId"":""question-1785919040087-3e952c23-6117-459e-94e0-2acf882aa353"",""pointsEarned"":10,""isFlaggedDoubt"":false,""selectedAnswerId"":""opt-c""},""question-1785919116430-7b9fe5cb-1511-42ca-8f3f-da8dae98bfd0"":{""isCorrect"":false,""questionId"":""question-1785919116430-7b9fe5cb-1511-42ca-8f3f-da8dae98bfd0"",""pointsEarned"":0,""isFlaggedDoubt"":false,""selectedAnswerId"":""opt-d""},""question-1785919170441-e1703b07-4eac-464a-97d6-16e3bd0df9f4"":{""isCorrect"":true,""questionId"":""question-1785919170441-e1703b07-4eac-464a-97d6-16e3bd0df9f4"",""pointsEarned"":10,""isFlaggedDoubt"":false,""selectedAnswerId"":""opt-d""}}","2026-08-05T09:23:45.544Z"
"attempt-1785921920772-52255223-577e-4c18-8134-ffc2c076b54a","exam-1785918378559-e328a125-e23a-4ff5-8a09-e3f3ecd37521","user-kkj-2","Nina Suryaningsih","Kas Jumapolo","Kuis Strategis BPR ARA Manifesto Bab I","90","90","100","true","2026-08-05T09:23:52.888Z","2026-08-05T09:25:20.772Z","87","{""question-1785918475884-c7cb6de7-bff5-4206-b5f7-8c0dd0eed0cd"":{""isCorrect"":true,""questionId"":""question-1785918475884-c7cb6de7-bff5-4206-b5f7-8c0dd0eed0cd"",""pointsEarned"":10,""isFlaggedDoubt"":false,""selectedAnswerId"":""opt-c""},""question-1785918530522-80e04e03-0678-436e-a3e9-5b9e7570c267"":{""isCorrect"":true,""questionId"":""question-1785918530522-80e04e03-0678-436e-a3e9-5b9e7570c267"",""pointsEarned"":10,""isFlaggedDoubt"":false,""selectedAnswerId"":""opt-b""},""question-1785918608886-8dde891b-5543-4be1-b1a9-1d34f521cd22"":{""isCorrect"":true,""questionId"":""question-1785918608886-8dde891b-5543-4be1-b1a9-1d34f521cd22"",""pointsEarned"":10,""isFlaggedDoubt"":false,""selectedAnswerId"":""opt-c""},""question-1785918682414-5eaa9171-e90f-4a1b-b3aa-3df5aaffc66a"":{""isCorrect"":true,""questionId"":""question-1785918682414-5eaa9171-e90f-4a1b-b3aa-3df5aaffc66a"",""pointsEarned"":10,""isFlaggedDoubt"":false,""selectedAnswerId"":""opt-c""},""question-1785918777827-05c6929b-478a-444d-a6be-30eaa8c75ff8"":{""isCorrect"":true,""questionId"":""question-1785918777827-05c6929b-478a-444d-a6be-30eaa8c75ff8"",""pointsEarned"":10,""isFlaggedDoubt"":false,""selectedAnswerId"":""opt-b""},""question-1785918854166-73561795-31e4-4ff9-81f6-b6dbb7f40eb8"":{""isCorrect"":true,""questionId"":""question-1785918854166-73561795-31e4-4ff9-81f6-b6dbb7f40eb8"",""pointsEarned"":10,""isFlaggedDoubt"":false,""selectedAnswerId"":""opt-c""},""question-1785918975626-a89c75e0-0167-45bb-ae98-7db14d5df218"":{""isCorrect"":true,""questionId"":""question-1785918975626-a89c75e0-0167-45bb-ae98-7db14d5df218"",""pointsEarned"":10,""isFlaggedDoubt"":false,""selectedAnswerId"":""opt-b""},""question-1785919040087-3e952c23-6117-459e-94e0-2acf882aa353"":{""isCorrect"":true,""questionId"":""question-1785919040087-3e952c23-6117-459e-94e0-2acf882aa353"",""pointsEarned"":10,""isFlaggedDoubt"":false,""selectedAnswerId"":""opt-c""},""question-1785919116430-7b9fe5cb-1511-42ca-8f3f-da8dae98bfd0"":{""isCorrect"":true,""questionId"":""question-1785919116430-7b9fe5cb-1511-42ca-8f3f-da8dae98bfd0"",""pointsEarned"":10,""isFlaggedDoubt"":false,""selectedAnswerId"":""opt-a""},""question-1785919170441-e1703b07-4eac-464a-97d6-16e3bd0df9f4"":{""isCorrect"":false,""questionId"":""question-1785919170441-e1703b07-4eac-464a-97d6-16e3bd0df9f4"",""pointsEarned"":0,""isFlaggedDoubt"":false,""selectedAnswerId"":""opt-c""}}","2026-08-05T09:25:21.316Z"
"attempt-1785922004334-3357aca5-c597-4ce3-a52d-d1f7aaa91b2c","exam-1785918378559-e328a125-e23a-4ff5-8a09-e3f3ecd37521","user-dir-4","Tunggul Wisnu Hadi","Direksi","Kuis Strategis BPR ARA Manifesto Bab I","100","100","100","true","2026-08-05T09:25:10.295Z","2026-08-05T09:26:44.333Z","93","{""question-1785918475884-c7cb6de7-bff5-4206-b5f7-8c0dd0eed0cd"":{""isCorrect"":true,""questionId"":""question-1785918475884-c7cb6de7-bff5-4206-b5f7-8c0dd0eed0cd"",""pointsEarned"":10,""isFlaggedDoubt"":false,""selectedAnswerId"":""opt-c""},""question-1785918530522-80e04e03-0678-436e-a3e9-5b9e7570c267"":{""isCorrect"":true,""questionId"":""question-1785918530522-80e04e03-0678-436e-a3e9-5b9e7570c267"",""pointsEarned"":10,""isFlaggedDoubt"":false,""selectedAnswerId"":""opt-b""},""question-1785918608886-8dde891b-5543-4be1-b1a9-1d34f521cd22"":{""isCorrect"":true,""questionId"":""question-1785918608886-8dde891b-5543-4be1-b1a9-1d34f521cd22"",""pointsEarned"":10,""isFlaggedDoubt"":false,""selectedAnswerId"":""opt-c""},""question-1785918682414-5eaa9171-e90f-4a1b-b3aa-3df5aaffc66a"":{""isCorrect"":true,""questionId"":""question-1785918682414-5eaa9171-e90f-4a1b-b3aa-3df5aaffc66a"",""pointsEarned"":10,""isFlaggedDoubt"":false,""selectedAnswerId"":""opt-c""},""question-1785918777827-05c6929b-478a-444d-a6be-30eaa8c75ff8"":{""isCorrect"":true,""questionId"":""question-1785918777827-05c6929b-478a-444d-a6be-30eaa8c75ff8"",""pointsEarned"":10,""isFlaggedDoubt"":false,""selectedAnswerId"":""opt-b""},""question-1785918854166-73561795-31e4-4ff9-81f6-b6dbb7f40eb8"":{""isCorrect"":true,""questionId"":""question-1785918854166-73561795-31e4-4ff9-81f6-b6dbb7f40eb8"",""pointsEarned"":10,""isFlaggedDoubt"":false,""selectedAnswerId"":""opt-c""},""question-1785918975626-a89c75e0-0167-45bb-ae98-7db14d5df218"":{""isCorrect"":true,""questionId"":""question-1785918975626-a89c75e0-0167-45bb-ae98-7db14d5df218"",""pointsEarned"":10,""isFlaggedDoubt"":false,""selectedAnswerId"":""opt-b""},""question-1785919040087-3e952c23-6117-459e-94e0-2acf882aa353"":{""isCorrect"":true,""questionId"":""question-1785919040087-3e952c23-6117-459e-94e0-2acf882aa353"",""pointsEarned"":10,""isFlaggedDoubt"":false,""selectedAnswerId"":""opt-c""},""question-1785919116430-7b9fe5cb-1511-42ca-8f3f-da8dae98bfd0"":{""isCorrect"":true,""questionId"":""question-1785919116430-7b9fe5cb-1511-42ca-8f3f-da8dae98bfd0"",""pointsEarned"":10,""isFlaggedDoubt"":false,""selectedAnswerId"":""opt-a""},""question-1785919170441-e1703b07-4eac-464a-97d6-16e3bd0df9f4"":{""isCorrect"":true,""questionId"":""question-1785919170441-e1703b07-4eac-464a-97d6-16e3bd0df9f4"",""pointsEarned"":10,""isFlaggedDoubt"":false,""selectedAnswerId"":""opt-d""}}","2026-08-05T09:26:45.429Z"
"attempt-1785922044521-9f4285ff-b3cd-40eb-bdae-64e171acfe3b","exam-1785918378559-e328a125-e23a-4ff5-8a09-e3f3ecd37521","user-sop-3","Ghaust Shamdani","Teknologi Informasi","Kuis Strategis BPR ARA Manifesto Bab I","70","70","100","false","2026-08-05T09:22:01.043Z","2026-08-05T09:27:24.521Z","318","{""question-1785918475884-c7cb6de7-bff5-4206-b5f7-8c0dd0eed0cd"":{""isCorrect"":true,""questionId"":""question-1785918475884-c7cb6de7-bff5-4206-b5f7-8c0dd0eed0cd"",""pointsEarned"":10,""isFlaggedDoubt"":false,""selectedAnswerId"":""opt-c""},""question-1785918530522-80e04e03-0678-436e-a3e9-5b9e7570c267"":{""isCorrect"":true,""questionId"":""question-1785918530522-80e04e03-0678-436e-a3e9-5b9e7570c267"",""pointsEarned"":10,""isFlaggedDoubt"":false,""selectedAnswerId"":""opt-b""},""question-1785918608886-8dde891b-5543-4be1-b1a9-1d34f521cd22"":{""isCorrect"":true,""questionId"":""question-1785918608886-8dde891b-5543-4be1-b1a9-1d34f521cd22"",""pointsEarned"":10,""isFlaggedDoubt"":false,""selectedAnswerId"":""opt-c""},""question-1785918682414-5eaa9171-e90f-4a1b-b3aa-3df5aaffc66a"":{""isCorrect"":true,""questionId"":""question-1785918682414-5eaa9171-e90f-4a1b-b3aa-3df5aaffc66a"",""pointsEarned"":10,""isFlaggedDoubt"":false,""selectedAnswerId"":""opt-c""},""question-1785918777827-05c6929b-478a-444d-a6be-30eaa8c75ff8"":{""isCorrect"":false,""questionId"":""question-1785918777827-05c6929b-478a-444d-a6be-30eaa8c75ff8"",""pointsEarned"":0,""isFlaggedDoubt"":false,""selectedAnswerId"":""opt-a""},""question-1785918854166-73561795-31e4-4ff9-81f6-b6dbb7f40eb8"":{""isCorrect"":false,""questionId"":""question-1785918854166-73561795-31e4-4ff9-81f6-b6dbb7f40eb8"",""pointsEarned"":0,""isFlaggedDoubt"":false,""selectedAnswerId"":""opt-d""},""question-1785918975626-a89c75e0-0167-45bb-ae98-7db14d5df218"":{""isCorrect"":true,""questionId"":""question-1785918975626-a89c75e0-0167-45bb-ae98-7db14d5df218"",""pointsEarned"":10,""isFlaggedDoubt"":false,""selectedAnswerId"":""opt-b""},""question-1785919040087-3e952c23-6117-459e-94e0-2acf882aa353"":{""isCorrect"":true,""questionId"":""question-1785919040087-3e952c23-6117-459e-94e0-2acf882aa353"",""pointsEarned"":10,""isFlaggedDoubt"":false,""selectedAnswerId"":""opt-c""},""question-1785919116430-7b9fe5cb-1511-42ca-8f3f-da8dae98bfd0"":{""isCorrect"":false,""questionId"":""question-1785919116430-7b9fe5cb-1511-42ca-8f3f-da8dae98bfd0"",""pointsEarned"":0,""isFlaggedDoubt"":false,""selectedAnswerId"":""opt-c""},""question-1785919170441-e1703b07-4eac-464a-97d6-16e3bd0df9f4"":{""isCorrect"":true,""questionId"":""question-1785919170441-e1703b07-4eac-464a-97d6-16e3bd0df9f4"",""pointsEarned"":10,""isFlaggedDoubt"":false,""selectedAnswerId"":""opt-d""}}","2026-08-05T09:27:26.342Z"
"attempt-1785922091654-16b6b8b9-beb5-46af-bf4a-d95170b60607","exam-1785918378559-e328a125-e23a-4ff5-8a09-e3f3ecd37521","user-kp-2a","Anik Budiarti","Kantor Pusat","Kuis Strategis BPR ARA Manifesto Bab I","90","90","100","true","2026-08-05T09:22:33.544Z","2026-08-05T09:28:11.653Z","329","{""question-1785918475884-c7cb6de7-bff5-4206-b5f7-8c0dd0eed0cd"":{""isCorrect"":true,""questionId"":""question-1785918475884-c7cb6de7-bff5-4206-b5f7-8c0dd0eed0cd"",""pointsEarned"":10,""isFlaggedDoubt"":false,""selectedAnswerId"":""opt-c""},""question-1785918530522-80e04e03-0678-436e-a3e9-5b9e7570c267"":{""isCorrect"":true,""questionId"":""question-1785918530522-80e04e03-0678-436e-a3e9-5b9e7570c267"",""pointsEarned"":10,""isFlaggedDoubt"":false,""selectedAnswerId"":""opt-b""},""question-1785918608886-8dde891b-5543-4be1-b1a9-1d34f521cd22"":{""isCorrect"":true,""questionId"":""question-1785918608886-8dde891b-5543-4be1-b1a9-1d34f521cd22"",""pointsEarned"":10,""isFlaggedDoubt"":false,""selectedAnswerId"":""opt-c""},""question-1785918682414-5eaa9171-e90f-4a1b-b3aa-3df5aaffc66a"":{""isCorrect"":true,""questionId"":""question-1785918682414-5eaa9171-e90f-4a1b-b3aa-3df5aaffc66a"",""pointsEarned"":10,""isFlaggedDoubt"":false,""selectedAnswerId"":""opt-c""},""question-1785918777827-05c6929b-478a-444d-a6be-30eaa8c75ff8"":{""isCorrect"":true,""questionId"":""question-1785918777827-05c6929b-478a-444d-a6be-30eaa8c75ff8"",""pointsEarned"":10,""isFlaggedDoubt"":false,""selectedAnswerId"":""opt-b""},""question-1785918854166-73561795-31e4-4ff9-81f6-b6dbb7f40eb8"":{""isCorrect"":true,""questionId"":""question-1785918854166-73561795-31e4-4ff9-81f6-b6dbb7f40eb8"",""pointsEarned"":10,""isFlaggedDoubt"":false,""selectedAnswerId"":""opt-c""},""question-1785918975626-a89c75e0-0167-45bb-ae98-7db14d5df218"":{""isCorrect"":true,""questionId"":""question-1785918975626-a89c75e0-0167-45bb-ae98-7db14d5df218"",""pointsEarned"":10,""isFlaggedDoubt"":false,""selectedAnswerId"":""opt-b""},""question-1785919040087-3e952c23-6117-459e-94e0-2acf882aa353"":{""isCorrect"":true,""questionId"":""question-1785919040087-3e952c23-6117-459e-94e0-2acf882aa353"",""pointsEarned"":10,""isFlaggedDoubt"":false,""selectedAnswerId"":""opt-c""},""question-1785919116430-7b9fe5cb-1511-42ca-8f3f-da8dae98bfd0"":{""isCorrect"":false,""questionId"":""question-1785919116430-7b9fe5cb-1511-42ca-8f3f-da8dae98bfd0"",""pointsEarned"":0,""isFlaggedDoubt"":false,""selectedAnswerId"":""opt-c""},""question-1785919170441-e1703b07-4eac-464a-97d6-16e3bd0df9f4"":{""isCorrect"":true,""questionId"":""question-1785919170441-e1703b07-4eac-464a-97d6-16e3bd0df9f4"",""pointsEarned"":10,""isFlaggedDoubt"":false,""selectedAnswerId"":""opt-d""}}","2026-08-05T09:28:11.722Z"
"attempt-1785922113197-7ea76c0c-d81a-4aaf-a107-0e147c920183","exam-1785918378559-e328a125-e23a-4ff5-8a09-e3f3ecd37521","user-col-2a","Y. Deddie E.","Collection","Kuis Strategis BPR ARA Manifesto Bab I","100","100","100","true","2026-08-05T09:27:00.281Z","2026-08-05T09:28:33.197Z","89","{""question-1785918475884-c7cb6de7-bff5-4206-b5f7-8c0dd0eed0cd"":{""isCorrect"":true,""questionId"":""question-1785918475884-c7cb6de7-bff5-4206-b5f7-8c0dd0eed0cd"",""pointsEarned"":10,""isFlaggedDoubt"":false,""selectedAnswerId"":""opt-c""},""question-1785918530522-80e04e03-0678-436e-a3e9-5b9e7570c267"":{""isCorrect"":true,""questionId"":""question-1785918530522-80e04e03-0678-436e-a3e9-5b9e7570c267"",""pointsEarned"":10,""isFlaggedDoubt"":false,""selectedAnswerId"":""opt-b""},""question-1785918608886-8dde891b-5543-4be1-b1a9-1d34f521cd22"":{""isCorrect"":true,""questionId"":""question-1785918608886-8dde891b-5543-4be1-b1a9-1d34f521cd22"",""pointsEarned"":10,""isFlaggedDoubt"":false,""selectedAnswerId"":""opt-c""},""question-1785918682414-5eaa9171-e90f-4a1b-b3aa-3df5aaffc66a"":{""isCorrect"":true,""questionId"":""question-1785918682414-5eaa9171-e90f-4a1b-b3aa-3df5aaffc66a"",""pointsEarned"":10,""isFlaggedDoubt"":false,""selectedAnswerId"":""opt-c""},""question-1785918777827-05c6929b-478a-444d-a6be-30eaa8c75ff8"":{""isCorrect"":true,""questionId"":""question-1785918777827-05c6929b-478a-444d-a6be-30eaa8c75ff8"",""pointsEarned"":10,""isFlaggedDoubt"":false,""selectedAnswerId"":""opt-b""},""question-1785918854166-73561795-31e4-4ff9-81f6-b6dbb7f40eb8"":{""isCorrect"":true,""questionId"":""question-1785918854166-73561795-31e4-4ff9-81f6-b6dbb7f40eb8"",""pointsEarned"":10,""isFlaggedDoubt"":false,""selectedAnswerId"":""opt-c""},""question-1785918975626-a89c75e0-0167-45bb-ae98-7db14d5df218"":{""isCorrect"":true,""questionId"":""question-1785918975626-a89c75e0-0167-45bb-ae98-7db14d5df218"",""pointsEarned"":10,""isFlaggedDoubt"":false,""selectedAnswerId"":""opt-b""},""question-1785919040087-3e952c23-6117-459e-94e0-2acf882aa353"":{""isCorrect"":true,""questionId"":""question-1785919040087-3e952c23-6117-459e-94e0-2acf882aa353"",""pointsEarned"":10,""isFlaggedDoubt"":false,""selectedAnswerId"":""opt-c""},""question-1785919116430-7b9fe5cb-1511-42ca-8f3f-da8dae98bfd0"":{""isCorrect"":true,""questionId"":""question-1785919116430-7b9fe5cb-1511-42ca-8f3f-da8dae98bfd0"",""pointsEarned"":10,""isFlaggedDoubt"":false,""selectedAnswerId"":""opt-a""},""question-1785919170441-e1703b07-4eac-464a-97d6-16e3bd0df9f4"":{""isCorrect"":true,""questionId"":""question-1785919170441-e1703b07-4eac-464a-97d6-16e3bd0df9f4"",""pointsEarned"":10,""isFlaggedDoubt"":false,""selectedAnswerId"":""opt-d""}}","2026-08-05T09:28:34.008Z"
"attempt-1785922182047-6e441444-f968-4412-a0db-f39bf06ad889","exam-1785918378559-e328a125-e23a-4ff5-8a09-e3f3ecd37521","user-sop-3","Ghaust Shamdani","Teknologi Informasi","Kuis Strategis BPR ARA Manifesto Bab I","70","70","100","false","2026-08-05T09:27:49.237Z","2026-08-05T09:29:42.047Z","111","{""question-1785918475884-c7cb6de7-bff5-4206-b5f7-8c0dd0eed0cd"":{""isCorrect"":false,""questionId"":""question-1785918475884-c7cb6de7-bff5-4206-b5f7-8c0dd0eed0cd"",""pointsEarned"":0,""isFlaggedDoubt"":false,""selectedAnswerId"":""opt-d""},""question-1785918530522-80e04e03-0678-436e-a3e9-5b9e7570c267"":{""isCorrect"":true,""questionId"":""question-1785918530522-80e04e03-0678-436e-a3e9-5b9e7570c267"",""pointsEarned"":10,""isFlaggedDoubt"":false,""selectedAnswerId"":""opt-b""},""question-1785918608886-8dde891b-5543-4be1-b1a9-1d34f521cd22"":{""isCorrect"":true,""questionId"":""question-1785918608886-8dde891b-5543-4be1-b1a9-1d34f521cd22"",""pointsEarned"":10,""isFlaggedDoubt"":false,""selectedAnswerId"":""opt-c""},""question-1785918682414-5eaa9171-e90f-4a1b-b3aa-3df5aaffc66a"":{""isCorrect"":true,""questionId"":""question-1785918682414-5eaa9171-e90f-4a1b-b3aa-3df5aaffc66a"",""pointsEarned"":10,""isFlaggedDoubt"":false,""selectedAnswerId"":""opt-c""},""question-1785918777827-05c6929b-478a-444d-a6be-30eaa8c75ff8"":{""isCorrect"":false,""questionId"":""question-1785918777827-05c6929b-478a-444d-a6be-30eaa8c75ff8"",""pointsEarned"":0,""isFlaggedDoubt"":false,""selectedAnswerId"":""opt-d""},""question-1785918854166-73561795-31e4-4ff9-81f6-b6dbb7f40eb8"":{""isCorrect"":true,""questionId"":""question-1785918854166-73561795-31e4-4ff9-81f6-b6dbb7f40eb8"",""pointsEarned"":10,""isFlaggedDoubt"":false,""selectedAnswerId"":""opt-c""},""question-1785918975626-a89c75e0-0167-45bb-ae98-7db14d5df218"":{""isCorrect"":true,""questionId"":""question-1785918975626-a89c75e0-0167-45bb-ae98-7db14d5df218"",""pointsEarned"":10,""isFlaggedDoubt"":false,""selectedAnswerId"":""opt-b""},""question-1785919040087-3e952c23-6117-459e-94e0-2acf882aa353"":{""isCorrect"":true,""questionId"":""question-1785919040087-3e952c23-6117-459e-94e0-2acf882aa353"",""pointsEarned"":10,""isFlaggedDoubt"":false,""selectedAnswerId"":""opt-c""},""question-1785919116430-7b9fe5cb-1511-42ca-8f3f-da8dae98bfd0"":{""isCorrect"":false,""questionId"":""question-1785919116430-7b9fe5cb-1511-42ca-8f3f-da8dae98bfd0"",""pointsEarned"":0,""isFlaggedDoubt"":false,""selectedAnswerId"":""opt-c""},""question-1785919170441-e1703b07-4eac-464a-97d6-16e3bd0df9f4"":{""isCorrect"":true,""questionId"":""question-1785919170441-e1703b07-4eac-464a-97d6-16e3bd0df9f4"",""pointsEarned"":10,""isFlaggedDoubt"":false,""selectedAnswerId"":""opt-d""}}","2026-08-05T09:29:43.822Z"
"attempt-1785922276243-8f226e88-924d-4a47-a8f9-e030fc9574a5","exam-1785918378559-e328a125-e23a-4ff5-8a09-e3f3ecd37521","user-sop-3","Ghaust Shamdani","Teknologi Informasi","Kuis Strategis BPR ARA Manifesto Bab I","80","80","100","true","2026-08-05T09:29:55.501Z","2026-08-05T09:31:16.243Z","79","{""question-1785918475884-c7cb6de7-bff5-4206-b5f7-8c0dd0eed0cd"":{""isCorrect"":true,""questionId"":""question-1785918475884-c7cb6de7-bff5-4206-b5f7-8c0dd0eed0cd"",""pointsEarned"":10,""isFlaggedDoubt"":false,""selectedAnswerId"":""opt-c""},""question-1785918530522-80e04e03-0678-436e-a3e9-5b9e7570c267"":{""isCorrect"":true,""questionId"":""question-1785918530522-80e04e03-0678-436e-a3e9-5b9e7570c267"",""pointsEarned"":10,""isFlaggedDoubt"":false,""selectedAnswerId"":""opt-b""},""question-1785918608886-8dde891b-5543-4be1-b1a9-1d34f521cd22"":{""isCorrect"":true,""questionId"":""question-1785918608886-8dde891b-5543-4be1-b1a9-1d34f521cd22"",""pointsEarned"":10,""isFlaggedDoubt"":false,""selectedAnswerId"":""opt-c""},""question-1785918682414-5eaa9171-e90f-4a1b-b3aa-3df5aaffc66a"":{""isCorrect"":true,""questionId"":""question-1785918682414-5eaa9171-e90f-4a1b-b3aa-3df5aaffc66a"",""pointsEarned"":10,""isFlaggedDoubt"":false,""selectedAnswerId"":""opt-c""},""question-1785918777827-05c6929b-478a-444d-a6be-30eaa8c75ff8"":{""isCorrect"":false,""questionId"":""question-1785918777827-05c6929b-478a-444d-a6be-30eaa8c75ff8"",""pointsEarned"":0,""isFlaggedDoubt"":false,""selectedAnswerId"":""opt-d""},""question-1785918854166-73561795-31e4-4ff9-81f6-b6dbb7f40eb8"":{""isCorrect"":true,""questionId"":""question-1785918854166-73561795-31e4-4ff9-81f6-b6dbb7f40eb8"",""pointsEarned"":10,""isFlaggedDoubt"":false,""selectedAnswerId"":""opt-c""},""question-1785918975626-a89c75e0-0167-45bb-ae98-7db14d5df218"":{""isCorrect"":true,""questionId"":""question-1785918975626-a89c75e0-0167-45bb-ae98-7db14d5df218"",""pointsEarned"":10,""isFlaggedDoubt"":false,""selectedAnswerId"":""opt-b""},""question-1785919040087-3e952c23-6117-459e-94e0-2acf882aa353"":{""isCorrect"":true,""questionId"":""question-1785919040087-3e952c23-6117-459e-94e0-2acf882aa353"",""pointsEarned"":10,""isFlaggedDoubt"":false,""selectedAnswerId"":""opt-c""},""question-1785919116430-7b9fe5cb-1511-42ca-8f3f-da8dae98bfd0"":{""isCorrect"":false,""questionId"":""question-1785919116430-7b9fe5cb-1511-42ca-8f3f-da8dae98bfd0"",""pointsEarned"":0,""isFlaggedDoubt"":false,""selectedAnswerId"":""opt-c""},""question-1785919170441-e1703b07-4eac-464a-97d6-16e3bd0df9f4"":{""isCorrect"":true,""questionId"":""question-1785919170441-e1703b07-4eac-464a-97d6-16e3bd0df9f4"",""pointsEarned"":10,""isFlaggedDoubt"":false,""selectedAnswerId"":""opt-d""}}","2026-08-05T09:31:17.786Z"
"attempt-1785923149448-015d852d-777f-45d8-ab3b-9b5d1b16128a","exam-1785918378559-e328a125-e23a-4ff5-8a09-e3f3ecd37521","user-sop-2","Vergiawan A.S","Pengembangan SDM","Kuis Strategis BPR ARA Manifesto Bab I","80","80","100","true","2026-08-05T09:37:17.262Z","2026-08-05T09:45:49.448Z","505","{""question-1785918475884-c7cb6de7-bff5-4206-b5f7-8c0dd0eed0cd"":{""isCorrect"":true,""questionId"":""question-1785918475884-c7cb6de7-bff5-4206-b5f7-8c0dd0eed0cd"",""pointsEarned"":10,""isFlaggedDoubt"":false,""selectedAnswerId"":""opt-c""},""question-1785918530522-80e04e03-0678-436e-a3e9-5b9e7570c267"":{""isCorrect"":true,""questionId"":""question-1785918530522-80e04e03-0678-436e-a3e9-5b9e7570c267"",""pointsEarned"":10,""isFlaggedDoubt"":false,""selectedAnswerId"":""opt-b""},""question-1785918608886-8dde891b-5543-4be1-b1a9-1d34f521cd22"":{""isCorrect"":true,""questionId"":""question-1785918608886-8dde891b-5543-4be1-b1a9-1d34f521cd22"",""pointsEarned"":10,""isFlaggedDoubt"":false,""selectedAnswerId"":""opt-c""},""question-1785918682414-5eaa9171-e90f-4a1b-b3aa-3df5aaffc66a"":{""isCorrect"":true,""questionId"":""question-1785918682414-5eaa9171-e90f-4a1b-b3aa-3df5aaffc66a"",""pointsEarned"":10,""isFlaggedDoubt"":false,""selectedAnswerId"":""opt-c""},""question-1785918777827-05c6929b-478a-444d-a6be-30eaa8c75ff8"":{""isCorrect"":true,""questionId"":""question-1785918777827-05c6929b-478a-444d-a6be-30eaa8c75ff8"",""pointsEarned"":10,""isFlaggedDoubt"":false,""selectedAnswerId"":""opt-b""},""question-1785918854166-73561795-31e4-4ff9-81f6-b6dbb7f40eb8"":{""isCorrect"":true,""questionId"":""question-1785918854166-73561795-31e4-4ff9-81f6-b6dbb7f40eb8"",""pointsEarned"":10,""isFlaggedDoubt"":false,""selectedAnswerId"":""opt-c""},""question-1785918975626-a89c75e0-0167-45bb-ae98-7db14d5df218"":{""isCorrect"":true,""questionId"":""question-1785918975626-a89c75e0-0167-45bb-ae98-7db14d5df218"",""pointsEarned"":10,""isFlaggedDoubt"":false,""selectedAnswerId"":""opt-b""},""question-1785919040087-3e952c23-6117-459e-94e0-2acf882aa353"":{""isCorrect"":true,""questionId"":""question-1785919040087-3e952c23-6117-459e-94e0-2acf882aa353"",""pointsEarned"":10,""isFlaggedDoubt"":false,""selectedAnswerId"":""opt-c""},""question-1785919116430-7b9fe5cb-1511-42ca-8f3f-da8dae98bfd0"":{""isCorrect"":false,""questionId"":""question-1785919116430-7b9fe5cb-1511-42ca-8f3f-da8dae98bfd0"",""pointsEarned"":0,""isFlaggedDoubt"":false,""selectedAnswerId"":""opt-a""},""question-1785919170441-e1703b07-4eac-464a-97d6-16e3bd0df9f4"":{""isCorrect"":false,""questionId"":""question-1785919170441-e1703b07-4eac-464a-97d6-16e3bd0df9f4"",""pointsEarned"":0,""isFlaggedDoubt"":false,""selectedAnswerId"":""opt-b""}}","2026-08-05T09:45:53.337Z"
"attempt-1785923215726-bec4fea6-351e-47d4-b495-308ee6eac500","exam-1785918378559-e328a125-e23a-4ff5-8a09-e3f3ecd37521","user-sop-6b","Sunarti","Bagian Umum","Kuis Strategis BPR ARA Manifesto Bab I","100","100","100","true","2026-08-05T09:36:58.709Z","2026-08-05T09:46:55.726Z","594","{""question-1785918475884-c7cb6de7-bff5-4206-b5f7-8c0dd0eed0cd"":{""isCorrect"":true,""questionId"":""question-1785918475884-c7cb6de7-bff5-4206-b5f7-8c0dd0eed0cd"",""pointsEarned"":10,""isFlaggedDoubt"":false,""selectedAnswerId"":""opt-c""},""question-1785918530522-80e04e03-0678-436e-a3e9-5b9e7570c267"":{""isCorrect"":true,""questionId"":""question-1785918530522-80e04e03-0678-436e-a3e9-5b9e7570c267"",""pointsEarned"":10,""isFlaggedDoubt"":false,""selectedAnswerId"":""opt-b""},""question-1785918608886-8dde891b-5543-4be1-b1a9-1d34f521cd22"":{""isCorrect"":true,""questionId"":""question-1785918608886-8dde891b-5543-4be1-b1a9-1d34f521cd22"",""pointsEarned"":10,""isFlaggedDoubt"":false,""selectedAnswerId"":""opt-c""},""question-1785918682414-5eaa9171-e90f-4a1b-b3aa-3df5aaffc66a"":{""isCorrect"":true,""questionId"":""question-1785918682414-5eaa9171-e90f-4a1b-b3aa-3df5aaffc66a"",""pointsEarned"":10,""isFlaggedDoubt"":false,""selectedAnswerId"":""opt-c""},""question-1785918777827-05c6929b-478a-444d-a6be-30eaa8c75ff8"":{""isCorrect"":true,""questionId"":""question-1785918777827-05c6929b-478a-444d-a6be-30eaa8c75ff8"",""pointsEarned"":10,""isFlaggedDoubt"":false,""selectedAnswerId"":""opt-b""},""question-1785918854166-73561795-31e4-4ff9-81f6-b6dbb7f40eb8"":{""isCorrect"":true,""questionId"":""question-1785918854166-73561795-31e4-4ff9-81f6-b6dbb7f40eb8"",""pointsEarned"":10,""isFlaggedDoubt"":false,""selectedAnswerId"":""opt-c""},""question-1785918975626-a89c75e0-0167-45bb-ae98-7db14d5df218"":{""isCorrect"":true,""questionId"":""question-1785918975626-a89c75e0-0167-45bb-ae98-7db14d5df218"",""pointsEarned"":10,""isFlaggedDoubt"":false,""selectedAnswerId"":""opt-b""},""question-1785919040087-3e952c23-6117-459e-94e0-2acf882aa353"":{""isCorrect"":true,""questionId"":""question-1785919040087-3e952c23-6117-459e-94e0-2acf882aa353"",""pointsEarned"":10,""isFlaggedDoubt"":false,""selectedAnswerId"":""opt-c""},""question-1785919116430-7b9fe5cb-1511-42ca-8f3f-da8dae98bfd0"":{""isCorrect"":true,""questionId"":""question-1785919116430-7b9fe5cb-1511-42ca-8f3f-da8dae98bfd0"",""pointsEarned"":10,""isFlaggedDoubt"":false,""selectedAnswerId"":""opt-c""},""question-1785919170441-e1703b07-4eac-464a-97d6-16e3bd0df9f4"":{""isCorrect"":true,""questionId"":""question-1785919170441-e1703b07-4eac-464a-97d6-16e3bd0df9f4"",""pointsEarned"":10,""isFlaggedDoubt"":false,""selectedAnswerId"":""opt-d""}}","2026-08-05T09:46:56.454Z"
"attempt-1785923584190-afbb4f86-651a-4aa5-b687-c0457fae5440","exam-1785918378559-e328a125-e23a-4ff5-8a09-e3f3ecd37521","user-sop-6a","Ichwan A.M","Bagian Umum","Kuis Strategis BPR ARA Manifesto Bab I","40","40","100","false","2026-08-05T09:45:29.283Z","2026-08-05T09:53:04.189Z","450","{""question-1785918475884-c7cb6de7-bff5-4206-b5f7-8c0dd0eed0cd"":{""isCorrect"":false,""questionId"":""question-1785918475884-c7cb6de7-bff5-4206-b5f7-8c0dd0eed0cd"",""pointsEarned"":0,""isFlaggedDoubt"":false,""selectedAnswerId"":""opt-d""},""question-1785918530522-80e04e03-0678-436e-a3e9-5b9e7570c267"":{""isCorrect"":false,""questionId"":""question-1785918530522-80e04e03-0678-436e-a3e9-5b9e7570c267"",""pointsEarned"":0,""isFlaggedDoubt"":false,""selectedAnswerId"":""opt-a""},""question-1785918608886-8dde891b-5543-4be1-b1a9-1d34f521cd22"":{""isCorrect"":false,""questionId"":""question-1785918608886-8dde891b-5543-4be1-b1a9-1d34f521cd22"",""pointsEarned"":0,""isFlaggedDoubt"":false,""selectedAnswerId"":""opt-a""},""question-1785918682414-5eaa9171-e90f-4a1b-b3aa-3df5aaffc66a"":{""isCorrect"":true,""questionId"":""question-1785918682414-5eaa9171-e90f-4a1b-b3aa-3df5aaffc66a"",""pointsEarned"":10,""isFlaggedDoubt"":false,""selectedAnswerId"":""opt-c""},""question-1785918777827-05c6929b-478a-444d-a6be-30eaa8c75ff8"":{""isCorrect"":true,""questionId"":""question-1785918777827-05c6929b-478a-444d-a6be-30eaa8c75ff8"",""pointsEarned"":10,""isFlaggedDoubt"":false,""selectedAnswerId"":""opt-b""},""question-1785918854166-73561795-31e4-4ff9-81f6-b6dbb7f40eb8"":{""isCorrect"":false,""questionId"":""question-1785918854166-73561795-31e4-4ff9-81f6-b6dbb7f40eb8"",""pointsEarned"":0,""isFlaggedDoubt"":false,""selectedAnswerId"":""opt-d""},""question-1785918975626-a89c75e0-0167-45bb-ae98-7db14d5df218"":{""isCorrect"":false,""questionId"":""question-1785918975626-a89c75e0-0167-45bb-ae98-7db14d5df218"",""pointsEarned"":0,""isFlaggedDoubt"":false,""selectedAnswerId"":""opt-a""},""question-1785919040087-3e952c23-6117-459e-94e0-2acf882aa353"":{""isCorrect"":true,""questionId"":""question-1785919040087-3e952c23-6117-459e-94e0-2acf882aa353"",""pointsEarned"":10,""isFlaggedDoubt"":false,""selectedAnswerId"":""opt-c""},""question-1785919116430-7b9fe5cb-1511-42ca-8f3f-da8dae98bfd0"":{""isCorrect"":true,""questionId"":""question-1785919116430-7b9fe5cb-1511-42ca-8f3f-da8dae98bfd0"",""pointsEarned"":10,""isFlaggedDoubt"":false,""selectedAnswerId"":""opt-c""},""question-1785919170441-e1703b07-4eac-464a-97d6-16e3bd0df9f4"":{""isCorrect"":false,""questionId"":""question-1785919170441-e1703b07-4eac-464a-97d6-16e3bd0df9f4"",""pointsEarned"":0,""isFlaggedDoubt"":false,""selectedAnswerId"":""opt-b""}}","2026-08-05T09:53:05.882Z"
"attempt-1785923725397-75937a5f-9c65-46b0-9ee8-3519e8cf6a30","exam-1785918378559-e328a125-e23a-4ff5-8a09-e3f3ecd37521","user-kkk-1","Ariyanto","Kas Klodran","Kuis Strategis BPR ARA Manifesto Bab I","70","70","100","false","2026-08-05T09:44:38.166Z","2026-08-05T09:55:25.397Z","642","{""question-1785918475884-c7cb6de7-bff5-4206-b5f7-8c0dd0eed0cd"":{""isCorrect"":false,""questionId"":""question-1785918475884-c7cb6de7-bff5-4206-b5f7-8c0dd0eed0cd"",""pointsEarned"":0,""isFlaggedDoubt"":false,""selectedAnswerId"":""opt-b""},""question-1785918530522-80e04e03-0678-436e-a3e9-5b9e7570c267"":{""isCorrect"":false,""questionId"":""question-1785918530522-80e04e03-0678-436e-a3e9-5b9e7570c267"",""pointsEarned"":0,""isFlaggedDoubt"":false,""selectedAnswerId"":""opt-c""},""question-1785918608886-8dde891b-5543-4be1-b1a9-1d34f521cd22"":{""isCorrect"":true,""questionId"":""question-1785918608886-8dde891b-5543-4be1-b1a9-1d34f521cd22"",""pointsEarned"":10,""isFlaggedDoubt"":false,""selectedAnswerId"":""opt-c""},""question-1785918682414-5eaa9171-e90f-4a1b-b3aa-3df5aaffc66a"":{""isCorrect"":true,""questionId"":""question-1785918682414-5eaa9171-e90f-4a1b-b3aa-3df5aaffc66a"",""pointsEarned"":10,""isFlaggedDoubt"":false,""selectedAnswerId"":""opt-c""},""question-1785918777827-05c6929b-478a-444d-a6be-30eaa8c75ff8"":{""isCorrect"":true,""questionId"":""question-1785918777827-05c6929b-478a-444d-a6be-30eaa8c75ff8"",""pointsEarned"":10,""isFlaggedDoubt"":false,""selectedAnswerId"":""opt-b""},""question-1785918854166-73561795-31e4-4ff9-81f6-b6dbb7f40eb8"":{""isCorrect"":false,""questionId"":""question-1785918854166-73561795-31e4-4ff9-81f6-b6dbb7f40eb8"",""pointsEarned"":0,""isFlaggedDoubt"":false,""selectedAnswerId"":""opt-d""},""question-1785918975626-a89c75e0-0167-45bb-ae98-7db14d5df218"":{""isCorrect"":true,""questionId"":""question-1785918975626-a89c75e0-0167-45bb-ae98-7db14d5df218"",""pointsEarned"":10,""isFlaggedDoubt"":false,""selectedAnswerId"":""opt-b""},""question-1785919040087-3e952c23-6117-459e-94e0-2acf882aa353"":{""isCorrect"":true,""questionId"":""question-1785919040087-3e952c23-6117-459e-94e0-2acf882aa353"",""pointsEarned"":10,""isFlaggedDoubt"":false,""selectedAnswerId"":""opt-c""},""question-1785919116430-7b9fe5cb-1511-42ca-8f3f-da8dae98bfd0"":{""isCorrect"":true,""questionId"":""question-1785919116430-7b9fe5cb-1511-42ca-8f3f-da8dae98bfd0"",""pointsEarned"":10,""isFlaggedDoubt"":false,""selectedAnswerId"":""opt-c""},""question-1785919170441-e1703b07-4eac-464a-97d6-16e3bd0df9f4"":{""isCorrect"":true,""questionId"":""question-1785919170441-e1703b07-4eac-464a-97d6-16e3bd0df9f4"",""pointsEarned"":10,""isFlaggedDoubt"":false,""selectedAnswerId"":""opt-d""}}","2026-08-05T09:55:26.376Z"
"attempt-1785923899855-4c47fb49-4f30-424d-8bd9-3339d9418927","exam-1785918378559-e328a125-e23a-4ff5-8a09-e3f3ecd37521","user-sop-7","Agung Bekti P.","Analis Kredit","Kuis Strategis BPR ARA Manifesto Bab I","80","80","100","true","2026-08-05T09:53:46.438Z","2026-08-05T09:58:19.854Z","270","{""question-1785918475884-c7cb6de7-bff5-4206-b5f7-8c0dd0eed0cd"":{""isCorrect"":true,""questionId"":""question-1785918475884-c7cb6de7-bff5-4206-b5f7-8c0dd0eed0cd"",""pointsEarned"":10,""isFlaggedDoubt"":false,""selectedAnswerId"":""opt-c""},""question-1785918530522-80e04e03-0678-436e-a3e9-5b9e7570c267"":{""isCorrect"":true,""questionId"":""question-1785918530522-80e04e03-0678-436e-a3e9-5b9e7570c267"",""pointsEarned"":10,""isFlaggedDoubt"":false,""selectedAnswerId"":""opt-b""},""question-1785918608886-8dde891b-5543-4be1-b1a9-1d34f521cd22"":{""isCorrect"":true,""questionId"":""question-1785918608886-8dde891b-5543-4be1-b1a9-1d34f521cd22"",""pointsEarned"":10,""isFlaggedDoubt"":false,""selectedAnswerId"":""opt-c""},""question-1785918682414-5eaa9171-e90f-4a1b-b3aa-3df5aaffc66a"":{""isCorrect"":true,""questionId"":""question-1785918682414-5eaa9171-e90f-4a1b-b3aa-3df5aaffc66a"",""pointsEarned"":10,""isFlaggedDoubt"":false,""selectedAnswerId"":""opt-c""},""question-1785918777827-05c6929b-478a-444d-a6be-30eaa8c75ff8"":{""isCorrect"":true,""questionId"":""question-1785918777827-05c6929b-478a-444d-a6be-30eaa8c75ff8"",""pointsEarned"":10,""isFlaggedDoubt"":false,""selectedAnswerId"":""opt-b""},""question-1785918854166-73561795-31e4-4ff9-81f6-b6dbb7f40eb8"":{""isCorrect"":true,""questionId"":""question-1785918854166-73561795-31e4-4ff9-81f6-b6dbb7f40eb8"",""pointsEarned"":10,""isFlaggedDoubt"":false,""selectedAnswerId"":""opt-c""},""question-1785918975626-a89c75e0-0167-45bb-ae98-7db14d5df218"":{""isCorrect"":true,""questionId"":""question-1785918975626-a89c75e0-0167-45bb-ae98-7db14d5df218"",""pointsEarned"":10,""isFlaggedDoubt"":false,""selectedAnswerId"":""opt-b""},""question-1785919040087-3e952c23-6117-459e-94e0-2acf882aa353"":{""isCorrect"":true,""questionId"":""question-1785919040087-3e952c23-6117-459e-94e0-2acf882aa353"",""pointsEarned"":10,""isFlaggedDoubt"":false,""selectedAnswerId"":""opt-c""},""question-1785919116430-7b9fe5cb-1511-42ca-8f3f-da8dae98bfd0"":{""isCorrect"":false,""questionId"":""question-1785919116430-7b9fe5cb-1511-42ca-8f3f-da8dae98bfd0"",""pointsEarned"":0,""isFlaggedDoubt"":false,""selectedAnswerId"":""opt-d""},""question-1785919170441-e1703b07-4eac-464a-97d6-16e3bd0df9f4"":{""isCorrect"":false,""questionId"":""question-1785919170441-e1703b07-4eac-464a-97d6-16e3bd0df9f4"",""pointsEarned"":0,""isFlaggedDoubt"":false,""selectedAnswerId"":""opt-c""}}","2026-08-05T09:58:20.644Z"
"attempt-1785924430846-40f48af0-3de0-47d2-9b9c-1cb566ff4a07","exam-1785918378559-e328a125-e23a-4ff5-8a09-e3f3ecd37521","user-col-2b","Wahid Budi S.","Collection","Kuis Strategis BPR ARA Manifesto Bab I","70","70","100","false","2026-08-05T09:57:15.329Z","2026-08-05T10:07:10.843Z","589","{""question-1785918475884-c7cb6de7-bff5-4206-b5f7-8c0dd0eed0cd"":{""isCorrect"":false,""questionId"":""question-1785918475884-c7cb6de7-bff5-4206-b5f7-8c0dd0eed0cd"",""pointsEarned"":0,""isFlaggedDoubt"":false,""selectedAnswerId"":""opt-d""},""question-1785918530522-80e04e03-0678-436e-a3e9-5b9e7570c267"":{""isCorrect"":true,""questionId"":""question-1785918530522-80e04e03-0678-436e-a3e9-5b9e7570c267"",""pointsEarned"":10,""isFlaggedDoubt"":false,""selectedAnswerId"":""opt-b""},""question-1785918608886-8dde891b-5543-4be1-b1a9-1d34f521cd22"":{""isCorrect"":false,""questionId"":""question-1785918608886-8dde891b-5543-4be1-b1a9-1d34f521cd22"",""pointsEarned"":0,""isFlaggedDoubt"":false,""selectedAnswerId"":""opt-d""},""question-1785918682414-5eaa9171-e90f-4a1b-b3aa-3df5aaffc66a"":{""isCorrect"":true,""questionId"":""question-1785918682414-5eaa9171-e90f-4a1b-b3aa-3df5aaffc66a"",""pointsEarned"":10,""isFlaggedDoubt"":false,""selectedAnswerId"":""opt-c""},""question-1785918777827-05c6929b-478a-444d-a6be-30eaa8c75ff8"":{""isCorrect"":true,""questionId"":""question-1785918777827-05c6929b-478a-444d-a6be-30eaa8c75ff8"",""pointsEarned"":10,""isFlaggedDoubt"":false,""selectedAnswerId"":""opt-b""},""question-1785918854166-73561795-31e4-4ff9-81f6-b6dbb7f40eb8"":{""isCorrect"":true,""questionId"":""question-1785918854166-73561795-31e4-4ff9-81f6-b6dbb7f40eb8"",""pointsEarned"":10,""isFlaggedDoubt"":false,""selectedAnswerId"":""opt-c""},""question-1785918975626-a89c75e0-0167-45bb-ae98-7db14d5df218"":{""isCorrect"":true,""questionId"":""question-1785918975626-a89c75e0-0167-45bb-ae98-7db14d5df218"",""pointsEarned"":10,""isFlaggedDoubt"":false,""selectedAnswerId"":""opt-b""},""question-1785919040087-3e952c23-6117-459e-94e0-2acf882aa353"":{""isCorrect"":true,""questionId"":""question-1785919040087-3e952c23-6117-459e-94e0-2acf882aa353"",""pointsEarned"":10,""isFlaggedDoubt"":false,""selectedAnswerId"":""opt-c""},""question-1785919116430-7b9fe5cb-1511-42ca-8f3f-da8dae98bfd0"":{""isCorrect"":true,""questionId"":""question-1785919116430-7b9fe5cb-1511-42ca-8f3f-da8dae98bfd0"",""pointsEarned"":10,""isFlaggedDoubt"":false,""selectedAnswerId"":""opt-c""},""question-1785919170441-e1703b07-4eac-464a-97d6-16e3bd0df9f4"":{""isCorrect"":false,""questionId"":""question-1785919170441-e1703b07-4eac-464a-97d6-16e3bd0df9f4"",""pointsEarned"":0,""isFlaggedDoubt"":false,""selectedAnswerId"":""opt-c""}}","2026-08-05T10:07:10.942Z"
"attempt-1785924601860-bdc1a3f5-3933-4bbf-b6c4-8eed71ee9f8a","exam-1785918378559-e328a125-e23a-4ff5-8a09-e3f3ecd37521","user-col-2b","Wahid Budi S.","Collection","Kuis Strategis BPR ARA Manifesto Bab I","100","100","100","true","2026-08-05T10:07:25.883Z","2026-08-05T10:10:01.860Z","154","{""question-1785918475884-c7cb6de7-bff5-4206-b5f7-8c0dd0eed0cd"":{""isCorrect"":true,""questionId"":""question-1785918475884-c7cb6de7-bff5-4206-b5f7-8c0dd0eed0cd"",""pointsEarned"":10,""isFlaggedDoubt"":false,""selectedAnswerId"":""opt-c""},""question-1785918530522-80e04e03-0678-436e-a3e9-5b9e7570c267"":{""isCorrect"":true,""questionId"":""question-1785918530522-80e04e03-0678-436e-a3e9-5b9e7570c267"",""pointsEarned"":10,""isFlaggedDoubt"":false,""selectedAnswerId"":""opt-b""},""question-1785918608886-8dde891b-5543-4be1-b1a9-1d34f521cd22"":{""isCorrect"":true,""questionId"":""question-1785918608886-8dde891b-5543-4be1-b1a9-1d34f521cd22"",""pointsEarned"":10,""isFlaggedDoubt"":false,""selectedAnswerId"":""opt-c""},""question-1785918682414-5eaa9171-e90f-4a1b-b3aa-3df5aaffc66a"":{""isCorrect"":true,""questionId"":""question-1785918682414-5eaa9171-e90f-4a1b-b3aa-3df5aaffc66a"",""pointsEarned"":10,""isFlaggedDoubt"":false,""selectedAnswerId"":""opt-c""},""question-1785918777827-05c6929b-478a-444d-a6be-30eaa8c75ff8"":{""isCorrect"":true,""questionId"":""question-1785918777827-05c6929b-478a-444d-a6be-30eaa8c75ff8"",""pointsEarned"":10,""isFlaggedDoubt"":false,""selectedAnswerId"":""opt-b""},""question-1785918854166-73561795-31e4-4ff9-81f6-b6dbb7f40eb8"":{""isCorrect"":true,""questionId"":""question-1785918854166-73561795-31e4-4ff9-81f6-b6dbb7f40eb8"",""pointsEarned"":10,""isFlaggedDoubt"":false,""selectedAnswerId"":""opt-c""},""question-1785918975626-a89c75e0-0167-45bb-ae98-7db14d5df218"":{""isCorrect"":true,""questionId"":""question-1785918975626-a89c75e0-0167-45bb-ae98-7db14d5df218"",""pointsEarned"":10,""isFlaggedDoubt"":false,""selectedAnswerId"":""opt-b""},""question-1785919040087-3e952c23-6117-459e-94e0-2acf882aa353"":{""isCorrect"":true,""questionId"":""question-1785919040087-3e952c23-6117-459e-94e0-2acf882aa353"",""pointsEarned"":10,""isFlaggedDoubt"":false,""selectedAnswerId"":""opt-c""},""question-1785919116430-7b9fe5cb-1511-42ca-8f3f-da8dae98bfd0"":{""isCorrect"":true,""questionId"":""question-1785919116430-7b9fe5cb-1511-42ca-8f3f-da8dae98bfd0"",""pointsEarned"":10,""isFlaggedDoubt"":false,""selectedAnswerId"":""opt-c""},""question-1785919170441-e1703b07-4eac-464a-97d6-16e3bd0df9f4"":{""isCorrect"":true,""questionId"":""question-1785919170441-e1703b07-4eac-464a-97d6-16e3bd0df9f4"",""pointsEarned"":10,""isFlaggedDoubt"":false,""selectedAnswerId"":""opt-d""}}","2026-08-05T10:10:02.653Z"
"attempt-1785924690883-60832ae6-b087-46c9-8b25-7328f05ee76d","exam-1785918378559-e328a125-e23a-4ff5-8a09-e3f3ecd37521","user-col-2b","Wahid Budi S.","Collection","Kuis Strategis BPR ARA Manifesto Bab I","90","90","100","true","2026-08-05T10:10:12.396Z","2026-08-05T10:11:30.883Z","77","{""question-1785918475884-c7cb6de7-bff5-4206-b5f7-8c0dd0eed0cd"":{""isCorrect"":true,""questionId"":""question-1785918475884-c7cb6de7-bff5-4206-b5f7-8c0dd0eed0cd"",""pointsEarned"":10,""isFlaggedDoubt"":false,""selectedAnswerId"":""opt-c""},""question-1785918530522-80e04e03-0678-436e-a3e9-5b9e7570c267"":{""isCorrect"":true,""questionId"":""question-1785918530522-80e04e03-0678-436e-a3e9-5b9e7570c267"",""pointsEarned"":10,""isFlaggedDoubt"":false,""selectedAnswerId"":""opt-b""},""question-1785918608886-8dde891b-5543-4be1-b1a9-1d34f521cd22"":{""isCorrect"":true,""questionId"":""question-1785918608886-8dde891b-5543-4be1-b1a9-1d34f521cd22"",""pointsEarned"":10,""isFlaggedDoubt"":false,""selectedAnswerId"":""opt-c""},""question-1785918682414-5eaa9171-e90f-4a1b-b3aa-3df5aaffc66a"":{""isCorrect"":true,""questionId"":""question-1785918682414-5eaa9171-e90f-4a1b-b3aa-3df5aaffc66a"",""pointsEarned"":10,""isFlaggedDoubt"":false,""selectedAnswerId"":""opt-c""},""question-1785918777827-05c6929b-478a-444d-a6be-30eaa8c75ff8"":{""isCorrect"":true,""questionId"":""question-1785918777827-05c6929b-478a-444d-a6be-30eaa8c75ff8"",""pointsEarned"":10,""isFlaggedDoubt"":false,""selectedAnswerId"":""opt-b""},""question-1785918854166-73561795-31e4-4ff9-81f6-b6dbb7f40eb8"":{""isCorrect"":true,""questionId"":""question-1785918854166-73561795-31e4-4ff9-81f6-b6dbb7f40eb8"",""pointsEarned"":10,""isFlaggedDoubt"":false,""selectedAnswerId"":""opt-c""},""question-1785918975626-a89c75e0-0167-45bb-ae98-7db14d5df218"":{""isCorrect"":true,""questionId"":""question-1785918975626-a89c75e0-0167-45bb-ae98-7db14d5df218"",""pointsEarned"":10,""isFlaggedDoubt"":false,""selectedAnswerId"":""opt-b""},""question-1785919040087-3e952c23-6117-459e-94e0-2acf882aa353"":{""isCorrect"":true,""questionId"":""question-1785919040087-3e952c23-6117-459e-94e0-2acf882aa353"",""pointsEarned"":10,""isFlaggedDoubt"":false,""selectedAnswerId"":""opt-c""},""question-1785919116430-7b9fe5cb-1511-42ca-8f3f-da8dae98bfd0"":{""isCorrect"":true,""questionId"":""question-1785919116430-7b9fe5cb-1511-42ca-8f3f-da8dae98bfd0"",""pointsEarned"":10,""isFlaggedDoubt"":false,""selectedAnswerId"":""opt-c""},""question-1785919170441-e1703b07-4eac-464a-97d6-16e3bd0df9f4"":{""isCorrect"":false,""questionId"":""question-1785919170441-e1703b07-4eac-464a-97d6-16e3bd0df9f4"",""pointsEarned"":0,""isFlaggedDoubt"":false,""selectedAnswerId"":""opt-c""}}","2026-08-05T10:11:31.089Z"